MOQ,MOQ LIMITED
1PG,1-PAGE LIMITED
ONT,1300 SMILES LIMITED
1ST,1ST GROUP LIMITED
T3D,333D LIMITED
TGP,360 CAPITAL GROUP
TOT,360 CAPITAL TOTAL RETURN FUND
TDO,3D OIL LIMITED
DDD,3D RESOURCES LIMITED
3PL,3P LEARNING LIMITED..
4DS,4DS MEMORY LIMITED
5GN,5G NETWORKS LIMITED
88E,88 ENERGY LIMITED
8CO,8COMMON LIMITED
8IH,8I HOLDINGS LTD
8EC,8IP EMERGING COMPANIES LIMITED
9SP,9 SPOKES INTERNATIONAL LIMITED
NNW,99 WUXIAN LIMITED
ACB,A-CAP RESOURCES LIMITED
ARI,A.C.N. 004 410 833 LIMITED
AYI,A1 INVESTMENTS & RESOURCES LTD
ABP,ABACUS PROPERTY GROUP
ALR,ABERDEEN LEADERS LIMITED
ABL,ABILENE OIL AND GAS LIMITED
ABU,ABM RESOURCES NL
AEG,ABSOLUTE EQUITY PERFORMANCE FUND LIMITED
ABT,ABUNDANT PRODUCE LIMITED
AJC,ACACIA COAL LIMITED
AKG,ACADEMIES AUSTRALASIA GROUP LIMITED
AX8,ACCELERATE RESOURCES LIMITED
AX1,ACCENT GROUP LIMITED
ACS,ACCENT RESOURCES NL
ACX,ACONEX LIMITED
ACQ,ACORN CAPITAL INVESTMENT FUND LIMITED
ACR,ACRUX LIMITED
ACW,ACTINOGEN MEDICAL LIMITED
AIV,ACTIVEX LIMITED
ACU,ACTIVISTIC LIMITED
ADA,ADACEL TECHNOLOGIES LIMITED
ADH,ADAIRS LIMITED
1AD,ADALTA LIMITED
ADD,ADAVALE RESOURCES LIMITED
AAU,ADCORP AUSTRALIA LIMITED
ABC,ADELAIDE BRIGHTON LIMITED
ADR,ADHERIUM LIMITED
AHZ,ADMEDUS LTD
ADY,ADMIRALTY RESOURCES NL.
ADT,ADRIATIC METALS PLC
ADJ,ADSLOT LTD
ANO,ADVANCE NANOTEK LIMITED
ABV,ADVANCED BRAKING TECHNOLOGY LTD
ASW,ADVANCED SHARE REGISTRY LIMITED
ADX,ADX ENERGY LTD
AER,AEERIS LTD
AML,AEON METALS LIMITED.
AEI,AERIS ENVIRONMENTAL LTD
AIS,AERIS RESOURCES LIMITED
AFR,AFRICAN ENERGY RESOURCES LIMITED
AFT,AFT CORPORATION LIMITED
AFP,AFT PHARMACEUTICALS LIMITED
APT,AFTERPAY TOUCH GROUP LIMITED
AGL,AGL ENERGY LIMITED.
AGJ,AGRICULTURAL LAND TRUST
AMN,AGRIMIN LIMITED
AGR,AGUIA RESOURCES LIMITED
AHL,AHALIFE HOLDINGS LIMITED
A1C,AIC RESOURCES LIMITED
APW,AIMS PROPERTY SECURITIES FUND
AGI,AINSWORTH GAME TECHNOLOGY LIMITED
AIZ,AIR NEW ZEALAND LIMITED
AXP,"AIRXPANDERS, INC."
AJL,AJ LUCAS GROUP LIMITED
AQG,ALACER GOLD CORP.
AUQ,ALARA RESOURCES LIMITED
ACL,ALCHEMIA LIMITED
ALY,ALCHEMY RESOURCES LIMITED
ALC,ALCIDION GROUP LIMITED
AL8,ALDERAN RESOURCES LIMITED
LEP,ALE PROPERTY GROUP
AJX,ALEXIUM INTERNATIONAL GROUP LIMITED
AEB,ALGAE.TEC LIMITED
AQI,ALICANTO MINERALS LIMITED
AQX,ALICE QUEEN LIMITED
ALK,ALKANE RESOURCES LIMITED
AHQ,ALLEGIANCE COAL LIMITED
AMT,ALLEGRA ORTHOPAEDICS LIMITED
AQZ,ALLIANCE AVIATION SERVICES LIMITED
AGS,ALLIANCE RESOURCES LIMITED
AGE,ALLIGATOR ENERGY LIMITED
AYR,ALLOY RESOURCES LIMITED
ALQ,ALS LIMITED
ARS,ALT RESOURCES LIMITED
AZI,ALTA ZINC LIMITED
ATC,ALTECH CHEMICALS LTD
AIQ,ALTERNATIVE INVESTMENT TRUST
1AG,ALTERRA LIMITED
ALU,ALTIUM LIMITED
AME,ALTO METALS LIMITED
AOH,ALTONA MINING LIMITED
AJM,ALTURA MINING LIMITED
AWC,ALUMINA LIMITED
AMA,AMA GROUP LIMITED
ANL,AMANI GOLD LIMITED
AYS,AMAYSIM AUSTRALIA LIMITED
AMO,AMBERTECH LIMITED
AMB,AMBITION GROUP LIMITED
AMH,AMCIL LIMITED
AMC,AMCOR LIMITED
ABR,AMERICAN PACIFIC BORATE & LITHIUM LIMITED
AOW,AMERICAN PATRIOT OIL & GAS LIMITED
AMP,AMP LIMITED
ANQ,ANAECO LIMITED
ALT,ANALYTICA LIMITED
ANR,ANATARA LIFESCIENCES LTD
AHR,ANCHOR RESOURCES LIMITED
ADN,ANDROMEDA METALS LIMITED
ATM,ANEKA TAMBANG (PERSERO) TBK (PT)
AS1,ANGEL SEAFOOD HOLDINGS LTD
AQM,ANGLO AMERICAN CAPITAL PLC
AAR,ANGLO AUSTRALIAN RESOURCES NL
AGG,ANGLOGOLD ASHANTI LIMITED
AB1,ANIMOCA BRANDS CORPORATION LIMITED
AWV,ANOVA METALS LIMITED
ANN,ANSELL LIMITED
ASN,ANSON RESOURCES LIMITED
AZZ,ANTARES ENERGY LIMITED
ATT,ANTE REAL ESTATE TRUST
ADO,ANTEO DIAGNOSTICS LIMITED
AVD,ANTILLES OIL AND GAS NL
AZY,ANTIPA MINERALS LIMITED
APL,ANTIPODES GLOBAL INVESTMENT COMPANY LTD
ANP,ANTISENSE THERAPEUTICS LIMITED
APE,AP EAGERS LIMITED
APA,APA GROUP
AAL,APAC COAL LIMITED
AHX,APIAM ANIMAL HEALTH LIMITED
APO,APN OUTDOOR GROUP LIMITED
APD,APN PROPERTY GROUP LIMITED
AOP,APOLLO CONSOLIDATED LIMITED
AON,APOLLO MINERALS LIMITED
AOJ,APOLLO SERIES 2010-1 TRUST
AOR,APOLLO SERIES 2013-1 TRUST
AOL,APOLLO SERIES 2015-1 TRUST
AO2,APOLLO SERIES 2017-2 TRUST
ATL,APOLLO TOURISM & LEISURE LTD
APX,APPEN LIMITED
ATZ,APPETISE (HOLDINGS) LIMITED
AD1,APPLYDIRECT LIMITED
AQH,APT PIPELINES LIMITED.
AQS,AQUIS ENTERTAINMENT LIMITED
ARU,ARAFURA RESOURCES LIMITED
ARB,ARB CORPORATION LIMITED.
ARX,ARC EXPLORATION LIMITED
AXE,ARCHER EXPLORATION LIMITED
ARL,ARDEA RESOURCES LIMITED
AAD,ARDENT LEISURE GROUP
ADV,ARDIDEN LTD
ARF,ARENA REIT.
ARD,ARGENT MINERALS LIMITED
AXT,ARGO EXPLORATION LIMITED
ALI,ARGO GLOBAL LISTED INFRASTRUCTURE LIMITED
ARG,ARGO INVESTMENTS LIMITED
ARE,ARGONAUT RESOURCES NL
AGY,ARGOSY MINERALS LIMITED
ARA,ARIADNE AUSTRALIA LIMITED
ALL,ARISTOCRAT LEISURE LIMITED
AHK,ARK MINES LIMITED
AJQ,ARMOUR ENERGY LIMITED
AWN,AROWANA INTERNATIONAL LIMITED
AMD,ARROW MINERALS LTD
AR1,ARROWHEAD RESOURCES LIMITED
ARV,ARTEMIS RESOURCES LIMITED
AAJ,ARUMA RESOURCES LIMITED
AHY,ASALEO CARE LIMITED
AJY,ASAPLUS RESOURCES LIMITED
AFA,ASF GROUP LIMITED
ASH,ASHLEY SERVICES GROUP LIMITED
AJD,ASIA PACIFIC DATA CENTRE GROUP
DIG,ASIA PACIFIC DIGITAL LIMITED
AJJ,ASIAN AMERICAN MEDICAL GROUP LIMITED
ATB,ASIAN DEVELOPMENT BANK
AUF,ASIAN MASTERS FUND LIMITED
AM3,ASIAN MINERAL RESOURCES LIMITED
AKF,ASK FUNDING LIMITED
APZ,ASPEN GROUP
ASP,ASPERMONT LIMITED.
AKM,ASPIRE MINING LIMITED
ASY,ASSEMBLEBAY LIMITED
AO1,ASSETOWL LIMITED
AIR,ASTIVITA LIMITED
ARO,ASTRO RESOURCES NL
ATR,ASTRON CORPORATION LIMITED
ASX,ASX LIMITED
ATA,ATC ALLOYS LTD
ACG,ATCOR MEDICAL HOLDINGS LIMITED
AHN,ATHENA RESOURCES LIMITED
AGO,ATLAS IRON LIMITED
ATP,ATLAS PEARLS LTD
ATU,ATRUM COAL LIMITED
AUB,AUB GROUP LIMITED
AIA,AUCKLAND INTERNATIONAL AIRPORT LIMITED
AVC,AUCTUS ALTERNATIVE INVESTMENTS LIMITED
ACP,AUDALIA RESOURCES LIMITED
AD8,AUDINATE GROUP LIMITED
AKP,AUDIO PIXELS HOLDINGS LIMITED
AKN,AUKING MINING LIMITED
AU8,AUMAKE INTERNATIONAL LIMITED
AEE,AURA ENERGY LIMITED
AMI,AURELIA METALS LIMITED
AUR,AURIS MINERALS LIMITED
AZJ,AURIZON HOLDINGS LIMITED
AOU,AUROCH MINERALS LTD
ABW,AURORA ABSOLUTE RETURN FUND
AIB,AURORA GLOBAL INCOME TRUST
A3D,AURORA LABS LIMITED
ARM,AURORA MINERALS LIMITED
AUP,AURORA PROPERTY BUY-WRITE INCOME TRUST
AQJ,AUS ASIA MINERALS LIMITED
ANW,AUS TIN MINING LTD
AC8,AUSCANN GROUP HOLDINGS LTD
ASL,AUSDRILL LIMITED
AUC,AUSGOLD LIMITED
AMG,AUSMEX MINING GROUP LIMITED
AOA,AUSMON RESOURCES LIMITED
ANV,AUSNET SERVICES HOLDINGS PTY LTD
AST,AUSNET SERVICES LIMITED
AQD,AUSQUEST LIMITED
ASB,AUSTAL LIMITED
AUL,AUSTAR GOLD LIMITED
AUH,AUSTCHINA HOLDINGS LIMITED
AOK,AUSTEX OIL LIMITED
ANG,AUSTIN ENGINEERING LIMITED
APG,AUSTPAC RESOURCES NL
AGD,AUSTRAL GOLD LIMITED
ARH,AUSTRALASIAN RESOURCES LIMITED
ANZ,AUSTRALIA AND NEW ZEALAND BANKING GROUP LIMITED
AYM,AUSTRALIA UNITED MINING LIMITED
AAC,AUSTRALIAN AGRICULTURAL COMPANY LIMITED.
AAP,AUSTRALIAN AGRICULTURAL PROJECTS LIMITED
ABX,AUSTRALIAN BAUXITE LIMITED.
ACO,AUSTRALIAN CAREERS NETWORK LIMITED
XCL,AUSTRALIAN COMMONWEALTH GOVERNMENT LOANS
AHF,AUSTRALIAN DAIRY FARMS GROUP
AYF,AUSTRALIAN ENHANCED INCOME FUND
AEF,AUSTRALIAN ETHICAL INVESTMENT LIMITED
AFG,AUSTRALIAN FINANCE GROUP LTD
AFI,AUSTRALIAN FOUNDATION INVESTMENT COMPANY LIMITED
AQF,AUSTRALIAN GOVERNANCE MASTERS INDEX FUND LIMITED
ALF,AUSTRALIAN LEADERS FUND LIMITED
AYJ,AUSTRALIAN MASTERS YIELD FUND NO 3 LIMITED
AYK,AUSTRALIAN MASTERS YIELD FUND NO 4 LIMITED
AYZ,AUSTRALIAN MASTERS YIELD FUND NO 5 LIMITED
AUZ,AUSTRALIAN MINES LIMITED
AQC,AUSTRALIAN PACIFIC COAL LIMITED
API,AUSTRALIAN PHARMACEUTICAL INDUSTRIES LIMITED
APC,AUSTRALIAN POTASH LIMITED
ARC,AUSTRALIAN RURAL CAPITAL LIMITED
AUI,AUSTRALIAN UNITED INVESTMENT COMPANY LIMITED
AYU,AUSTRALIAN UNITY LIMITED
AOF,AUSTRALIAN UNITY OFFICE FUND
AVL,AUSTRALIAN VANADIUM LIMITED
AVG,AUSTRALIAN VINTAGE LTD
AWY,AUSTRALIAN WHISKY HOLDINGS LIMITED
ATS,AUSTRALIS OIL & GAS LIMITED
ANS,AUSTSINO RESOURCES GROUP LIMITED
ABA,AUSWIDE BANK LTD
AIY,AUTHORISED INVESTMENT FUND LIMITED
AHG,AUTOMOTIVE HOLDINGS GROUP LIMITED.
ASG,AUTOSPORTS GROUP LIMITED.
AVB,AVANCO RESOURCES LIMITED
AEV,AVENIRA LIMITED
AVN,AVENTUS RETAIL PROPERTY FUND
AOG,AVEO GROUP
AVW,AVIRA RESOURCES LTD
AVH,AVITA MEDICAL LTD
AVJ,AVJENNINGS LIMITED
AVZ,AVZ MINERALS LIMITED
AWA,AWATI RESOURCES LIMITED
AWE,AWE LIMITED
AVQ,AXIOM MINING LIMITED
AXI,AXIOM PROPERTIES LIMITED
AXL,AXSESSTODAY LIMITED
AYG,AXXIS TECHNOLOGY GROUP LTD
AZM,AZUMAH RESOURCES LIMITED
AZV,AZURE HEALTHCARE LIMITED
AZS,AZURE MINERALS LIMITED
BBN,BABY BUNTING GROUP LIMITED
BPP,BABYLON PUMP & POWER LIMITED
BTI,BAILADOR TECHNOLOGY INVESTMENTS LIMITED
BOQ,BANK OF QUEENSLAND LIMITED.
BMN,BANNERMAN RESOURCES LIMITED
BAP,BAPCOR LIMITED
BKP,BARAKA ENERGY & RESOURCES LIMITED
BCL,BARALABA COAL COMPANY LIMITED
BD1,BARD1 LIFE SCIENCES LIMITED
BAR,BARRA RESOURCES LIMITED
BST,BARRACK ST INVESTMENTS LIMITED
BSE,BASE RESOURCES LIMITED
BSM,BASS METALS LTD
BAS,BASS OIL LIMITED
BSR,BASSARI RESOURCES LIMITED
BRL,BATHURST RESOURCES LIMITED.
BAT,BATTERY MINERALS LIMITED
BMH,BAUMART HOLDINGS LIMITED
BAU,BAUXITE RESOURCES LIMITED
BBX,BBX MINERALS LIMITED
BCI,BCI MINERALS LIMITED
BPT,BEACH ENERGY LIMITED
BLX,BEACON LIGHTING GROUP LIMITED
BCN,BEACON MINERALS LIMITED
BDR,BEADELL RESOURCES LIMITED
BGA,BEGA CHEESE LIMITED
BFG,BELL FINANCIAL GROUP LIMITED
BAL,BELLAMY'S AUSTRALIA LIMITED
BEN,BENDIGO AND ADELAIDE BANK LIMITED
BLT,BENITEC BIOPHARMA LIMITED
BHD,BENJAMIN HORNIGOLD LIMITED
BEL,BENTLEY CAPITAL LIMITED
BKY,BERKELEY ENERGIA LIMITED
BMT,BERKUT MINERALS LIMITED
BFC,BESTON GLOBAL FOOD COMPANY LIMITED
BYI,BEYOND INTERNATIONAL LIMITED
BHP,BHP BILLITON LIMITED
BID,BIDENERGY LIMITED
BRI,BIG RIVER INDUSTRIES LIMITED
BIG,BIG UN LIMITED
BTH,BIGTINCAN HOLDINGS LIMITED
BBG,BILLABONG INTERNATIONAL LIMITED
BIN,BINGO INDUSTRIES LIMITED
BGT,BIO-GENE TECHNOLOGY LTD
BBM,BIOMICS BIOPHARMA LIMITED
BNO,BIONOMICS LIMITED
BIT,BIOTRON LIMITED
BXN,BIOXYNE LIMITED
BGS,BIRIMIAN LIMITED
BIR,BIRRABONG CORPORATION LIMITED
BIS,BISALLOY STEEL GROUP LIMITED
BSN,BISAN LIMITED
BKI,BKI INVESTMENT COMPANY LIMITED
BKM,BKM MANAGEMENT LIMITED
BC8,BLACK CAT SYNDICATE LIMITED
BMZ,BLACK MOUNTAIN RESOURCES LIMITED
BKT,BLACK ROCK MINING LIMITED
BSP,BLACK STAR PETROLEUM LIMITED
BEM,BLACKEARTH MINERALS NL
BLK,BLACKHAM RESOURCES LIMITED
BKL,BLACKMORES LIMITED
BSX,BLACKSTONE MINERALS LIMITED
BWF,BLACKWALL LIMITED
BWR,BLACKWALL PROPERTY TRUST
BLZ,BLAZE INTERNATIONAL LIMITED
BGH,BLIGH RESOURCES LIMITED
BDI,BLINA MINERALS NL
BUL,BLUE ENERGY LIMITED
BLA,BLUE SKY ALTERNATIVE INVESTMENTS LIMITED
BAF,BLUE SKY ALTERNATIVES ACCESS FUND LIMITED
BCT,BLUECHIIP LIMITED
BSL,BLUESCOPE STEEL LIMITED
BLG,BLUGLASS LIMITED
BMG,BMG RESOURCES LIMITED
BOA,BOADICEA RESOURCES LIMITED
BLY,BOART LONGYEAR LIMITED
BDA,BOD AUSTRALIA LIMITED
BAH,BOJUN AGRICULTURE HOLDINGS LIMITED
BOL,BOOM LOGISTICS LIMITED
BBR,BORA BORA RESOURCES LIMITED
BLD,BORAL LIMITED.
BOE,BOSS RESOURCES LIMITED
BOT,BOTANIX PHARMACEUTICALS LTD
BOC,BOUGAINVILLE COPPER LIMITED
BUY,BOUNTY OIL & GAS NL
BCB,BOWEN COKING COAL LIMITED
BHL,BOYUAN HOLDINGS LIMITED
BPB,BP CAPITAL MARKETS PLC
BPH,BPH ENERGY LTD
BPS,BPS TECHNOLOGY LIMITED
BRC,BRAIN RESOURCE LIMITED
BRN,BRAINCHIP HOLDINGS LTD
BXB,BRAMBLES LIMITED
BVS,BRAVURA SOLUTIONS LIMITED.
BRB,BREAKER RESOURCES NL
BRG,BREVILLE GROUP LIMITED
BKW,BRICKWORKS LIMITED
BBL,BRISBANE BRONCOS LIMITED
BGP,BRISCOE GROUP AUSTRALASIA LIMITED
BRO,BROAD INVESTMENTS LIMITED
BCK,BROCKMAN MINING LIMITED
BPL,BROKEN HILL PROSPECTING LIMITED
BGR,BRONSON GROUP LIMITED
BEE,BROO LTD
BRK,BROOKSIDE ENERGY LIMITED
BYH,BRYAH RESOURCES LIMITED
BSA,BSA LIMITED
BTT,BT INVESTMENT MANAGEMENT LIMITED
BTC,BTC HEALTH LTD
BUB,BUBS AUSTRALIA LIMITED
BUD,BUDDY PLATFORM LTD
BUG,BUDERIM GROUP LIMITED
BIQ,"BUILDINGIQ, INC"
BNR,BULLETIN RESOURCES LIMITED
BPF,BULLETPROOF GROUP LIMITED
BRU,BURU ENERGY LIMITED
BUX,BUXTON RESOURCES LIMITED
BMP,BUYMYPLACE.COM.AU LIMITED
BWP,BWP TRUST
BWX,BWX LIMITED
BYE,BYRON ENERGY LIMITED
BPG,BYTE POWER GROUP LIMITED
CAB,CABCHARGE AUSTRALIA LIMITED
CDM,CADENCE CAPITAL LIMITED
CAD,CAENEUS MINERALS LTD
DXA,CAISSE FRANCAISE DE FINANCEMENT LOCAL
CAI,CALIDUS RESOURCES LIMITED
CE1,CALIMA ENERGY LIMITED
CTX,CALTEX AUSTRALIA LIMITED
CAN,CANN GROUP LIMITED
CAE,CANNINDAH RESOURCES LIMITED
CP1,CANNPAL ANIMAL THERAPEUTICS LIMITED
CAY,CANYON RESOURCES LIMITED
CFE,CAPE LAMBERT RESOURCES LIMITED
CAG,CAPE RANGE LTD
CZZ,CAPILANO HONEY LIMITED
CMY,CAPITAL MINING LIMITED
CAJ,CAPITOL HEALTH LIMITED
CAA,CAPRAL LIMITED
CMM,CAPRICORN METALS LTD
CAQ,CAQ HOLDINGS LIMITED
CVV,CARAVEL MINERALS LIMITED
CWX,CARAWINE RESOURCES LIMITED
CRB,CARBINE RESOURCES LIMITED
CNX,CARBON ENERGY LIMITED
CRM,CARBON MINERALS LIMITED
CG1,CARBONXT GROUP LIMITED
CDV,CARDINAL RESOURCES LIMITED
CDD,CARDNO LIMITED
CDP,CARINDALE PROPERTY TRUST
CIN,CARLTON INVESTMENTS LIMITED
CVN,CARNARVON PETROLEUM LIMITED
CAV,CARNAVALE RESOURCES LIMITED
CCE,CARNEGIE CLEAN ENERGY LIMITED
CAP,CARPENTARIA RESOURCES LTD
CAR,CARSALES.COM LIMITED.
CCV,CASH CONVERTERS INTERNATIONAL
CZI,CASSINI RESOURCES LIMITED
CMD,CASSIUS MINING LIMITED
CCZ,CASTILLO COPPER LIMITED
CDT,CASTLE MINERALS LIMITED
CYL,CATALYST METALS LIMITED
CAT,CATAPULT GROUP INTERNATIONAL LTD
CXU,CAULDRON ENERGY LIMITED
CAZ,CAZALY RESOURCES LIMITED
CBC,CBG CAPITAL LIMITED
CBL,CBL CORPORATION LIMITED
CT1,CCP TECHNOLOGIES LIMITED
CWP,CEDAR WOODS PROPERTIES LIMITED
CNL,CELAMIN HOLDINGS NL
CDY,CELLMID LIMITED
CLT,CELLNET GROUP LIMITED
CLA,CELSIUS RESOURCES LIMITED.
CTM,CENTAURUS METALS LIMITED
CTL,CENTENNIAL MINING LIMITED
CVR,CENTRAL ASIA RESOURCES LIMITED.
CTP,CENTRAL PETROLEUM LIMITED
CAF,CENTREPOINT ALLIANCE LIMITED
CXM,CENTREX METALS LIMITED
CNI,CENTURIA CAPITAL GROUP
CIP,CENTURIA INDUSTRIAL REIT
CMA,CENTURIA METROPOLITAN REIT
CYA,CENTURY AUSTRALIA INVESTMENTS LIMITED
CVS,CERVANTES CORPORATION LIMITED
CFO,CFOAM LIMITED
CHN,CHALICE GOLD MINES LIMITED
CEL,CHALLENGER ENERGY LIMITED
CGF,CHALLENGER LIMITED
CHJ,CHALLENGER MILLENNIUM SERIES 2007-1E TRUST
CHU,CHALLENGER MILLENNIUM SERIES 2007-2L TRUST
CHR,CHALMERS LIMITED
CIA,CHAMPION IRON LIMITED
CCA,CHANGE FINANCIAL LIMITED
CWL,CHANT WEST HOLDINGS LIMITED
CHP,CHAPMANS LIMITED
CHC,CHARTER HALL GROUP
CLW,CHARTER HALL LONG WALE REIT
CQR,CHARTER HALL RETAIL REIT
CHZ,CHESSER RESOURCES LIMITED
CCB,CHINA CONSTRUCTION BANK CORPORATION
CDC,CHINA DAIRY CORPORATION LIMITED
CMC,CHINA MAGNESIUM CORPORATION LIMITED
CTC,CHINA TRACK LIMITED
CDH,CHONGHERR INVESTMENTS LTD
CNU,CHORUS LIMITED
CII,CI RESOURCES LIMITED
CIM,CIMIC GROUP LIMITED
CRO,CIRRALTO LIMITED
CNW,CIRRUS NETWORKS HOLDINGS LIMITED
CTO,CITIGOLD CORPORATION LIMITED
CLY,CLANCY EXPLORATION LIMITED
CND,CLARIUS GROUP LIMITED
CL1,CLASS LIMITED
CLZ,CLASSIC MINERALS LTD
CSS,CLEAN SEAS SEAFOOD LIMITED
CLQ,CLEAN TEQ HOLDINGS LIMITED
CWY,CLEANAWAY WASTE MANAGEMENT LIMITED
CVW,CLEARVIEW WEALTH LIMITED
CPV,CLEARVUE TECHNOLOGIES LIMITED
CDG,CLEVELAND MINING COMPANY LIMITED
CAM,CLIME CAPITAL LIMITED
CIW,CLIME INVESTMENT MANAGEMENT LTD
CUV,CLINUVEL PHARMACEUTICALS LIMITED
CLV,CLOVER CORPORATION LIMITED
CMI,CMI LIMITED.
CGR,CML GROUP LIMITED
CA8,COASSETS LIMITED.
COB,COBALT BLUE HOLDINGS LIMITED
CCL,COCA-COLA AMATIL LIMITED
COH,COCHLEAR LIMITED
CDA,CODAN LIMITED
CGS,COGSTATE LTD
CHK,COHIBA MINERALS LIMITED
CKA,COKAL LIMITED
CL8,COLLABORATE CORPORATION LIMITED
CLH,COLLECTION HOUSE LIMITED
CLL,COLLERINA COBALT LIMITED
CKF,COLLINS FOODS LIMITED
CRL,COMET RESOURCES LIMITED
COI,COMET RIDGE LIMITED
CBA,COMMONWEALTH BANK OF AUSTRALIA.
CCG,COMMSCHOICE GROUP LIMITED
COM,COMOPS LIMITED
CFF,COMPAGNIE DE FINANCEMENT FONCIER
CMP,COMPUMEDICS LIMITED
CPU,COMPUTERSHARE LIMITED.
CDB,CONDOR BLANCO MINES LIMITED
CNJ,CONICO LTD
CIO,CONNECTED IO LIMITED
CXZ,CONNEXION MEDIA LIMITED
COG,CONSOLIDATED OPERATIONS GROUP LIMITED
CSD,CONSOLIDATED TIN MINES LIMITED
CZL,CONSOLIDATED ZINC LIMITED
CEN,CONTACT ENERGY LIMITED
CGA,CONTANGO ASSET MANAGEMENT LIMITED
CQG,CONTANGO GLOBAL GROWTH LIMITED
CIE,CONTANGO INCOME GENERATOR  LIMITED
CVF,CONTRARIAN VALUE FUND LIMITED
CRR,CONVENIENCE RETAIL REIT
COE,COOPER ENERGY LIMITED
C6C,COPPER MOUNTAIN MINING CORPORATION
CSE,COPPER STRIKE LIMITED
COY,COPPERMOLY LIMITED
CZN,CORAZON MINING LIMITED
CD1,CORDISH DIXON PRIVATE EQUITY FUND I
CD2,CORDISH DIXON PRIVATE EQUITY FUND II
CD3,CORDISH DIXON PRIVATE EQUITY FUND III
CXO,CORE EXPLORATION LIMITED
CIZ,CORIZON LIMITED
CNA,CORONA RESOURCES LIMITED
CTD,CORPORATE TRAVEL MANAGEMENT LIMITED
COO,CORUM GROUP LIMITED
CGC,COSTA GROUP HOLDINGS LIMITED
CGM,COUGAR METALS NL
CUP,COUNTPLUS LIMITED
CCJ,COUNTY INTERNATIONAL LIMITED
CVT,COVATA LIMITED
CYG,COVENTRY GROUP LIMITED
CZR,COZIRON RESOURCES LIMITED
CGO,CPT GLOBAL LIMITED
CXX,CRADLE RESOURCES LIMITED
CGN,CRATER GOLD MINING LIMITED
CRD,CREDIBLE LABS INC.
CCP,CREDIT CORP GROUP LIMITED
CPH,CRESO PHARMA LIMITED
CMW,CROMWELL PROPERTY GROUP
CLI,CROPLOGIC LIMITED
CUX,CROSSLAND STRATEGIC METALS LTD
CM8,CROWD MOBILE LIMITED
CSK,CROWDSPARK LTD
CWN,CROWN RESORTS LIMITED
CUH,CRUSADE ABS SERIES 2015-1 TRUST
CU1,CRUSADE ABS SERIES 2016-1 TRUST
CU2,CRUSADE ABS SERIES 2017-1 TRUST
CAS,CRUSADER RESOURCES LIMITED
CTE,CRYOSITE LIMITED
CSV,CSG LIMITED
CSL,CSL LIMITED
CSR,CSR LIMITED
CLX,CTI LOGISTICS LIMITED
CDU,CUDECO LIMITED
CUE,CUE ENERGY RESOURCES LIMITED
CUL,CULLEN RESOURCES LIMITED
CV1,CV CHECK LTD
CVC,CVC LIMITED
CYB,CYBG PLC
CYQ,CYCLIQ GROUP LTD
CYC,CYCLOPHARM LIMITED
CY5,CYGNUS GOLD LIMITED
CYP,CYNATA THERAPEUTICS LIMITED
DCN,DACIAN GOLD LIMITED
DAU,DAMPIER GOLD LIMITED
DNK,DANAKALI LIMITED
DHR,DARK HORSE RESOURCES LIMITED
DTM,DART MINING NL
DTL,DATA#3 LIMITED
DDT,DATADOT TECHNOLOGY LIMITED
DTR,DATELINE RESOURCES LIMITED
DAV,DAVENPORT RESOURCES LIMITED
DW8,DAWINE LTD
DEG,DE GREY MINING LIMITED
DEM,DE.MEM LIMITED
DSX,DECIMAL SOFTWARE LIMITED
DCG,DECMIL GROUP LIMITED
DYL,DEEP YELLOW LIMITED
DLC,DELECTA LIMITED
DMI,DEMPSEY MINERALS LIMITED
D13,DEPARTMENT 13 INTERNATIONAL LTD
DGH,DESANE GROUP HOLDINGS LIMITED
DEV,DEVEX RESOURCES LIMITED
DVN,DEVINE LIMITED
DXS,DEXUS
DGO,DGO GOLD LIMITED
DGR,DGR GLOBAL LIMITED
DRX,DIATREME RESOURCES LIMITED
DDR,DICKER DATA LIMITED
DMC,DIGIMATIC GROUP LIMITED
DCC,DIGITALX LIMITED
DXB,DIMERIX LIMITED
DXF,DING SHENG XIN FINANCE CO. LIMITED
DGX,DIPLOMA GROUP LIMITED
DAF,DISCOVERY AFRICA LIMITED
DUI,DIVERSIFIED UNITED INVESTMENT LIMITED
DJW,DJERRIWARRH INVESTMENTS LIMITED
DCL,DOMACOM LIMITED
DHG,DOMAIN HOLDINGS AUSTRALIA LIMITED.
DME,DOME GOLD MINES LIMITED
DMP,DOMINO'S PIZZA ENTERPRISES LIMITED
DNA,DONACO INTERNATIONAL LIMITED
DFM,DONGFANG MODERN AGRICULTURE HOLDING GROUP LIMITED
DRM,DORAY MINERALS LIMITED
DOR,DORIEMUS PLC
DVL,DORSAVI LTD
DTZ,DOTZ NANO LIMITED
DOW,DOWNER EDI LIMITED
DRA,DRAGON MINING LIMITED
DMG,DRAGON MOUNTAIN GOLD LIMITED
DTS,DRAGONTAIL SYSTEMS LIMITED
DRG,DRAIG RESOURCES LIMITED
DRK,DRAKE RESOURCES LIMITED
DN8,DREAMSCAPE NETWORKS LIMITED
DAZ,DRIVER AUSTRALIA FOUR TRUST
DAM,DRIVER AUSTRALIA MASTER TRUST
DAE,DRIVER AUSTRALIA THREE TRUST
DAQ,DRIVER AUSTRALIA TWO TRUST
DRO,DRONESHIELD LIMITED
DSE,DROPSUITE LIMITED
DTI,DTI GROUP LTD
DUB,DUBBER CORPORATION LIMITED
DKM,DUKETON MINING LIMITED
DLX,DULUXGROUP LIMITED
DBF,DUXTON BROADACRE FARMS LIMITED
D2O,DUXTON WATER LIMITED
DWS,DWS LIMITED
DMA,DYNASTY RESOURCES LIMITED
E2M,E2 METALS LIMITED
EHH,EAGLE HEALTH HOLDINGS LIMITED
EM2,EAGLE MOUNTAIN MINING LIMITED
EER,EAST ENERGY RESOURCES LIMITED
EWE,EAST WEST ENERGY LIMITED
EGS,EASTERN GOLDFIELDS LIMITED
EFE,EASTERN IRON LIMITED
EAS,EASTON INVESTMENTS LIMITED
EBO,EBOS GROUP LIMITED
ECG,ECARGO HOLDINGS LIMITED
EAR,ECHO RESOURCES LIMITED
EPM,ECLIPSE METALS LIMITED.
ECX,ECLIPX GROUP LIMITED
ETK,EDEN HEALTH INDUSTRY HOLDINGS LIMITED
EDE,EDEN INNOVATIONS LTD
EGA,EGAN STREET RESOURCES LIMITED
EHX,EHR RESOURCES LIMITED
EDC,EILDON CAPITAL LIMITED
ENN,ELANOR INVESTORS GROUP
ERF,ELANOR RETAIL PROPERTY FUND
ELD,ELDERS LIMITED
EOS,ELECTRO OPTIC SYSTEMS HOLDINGS LIMITED
ELT,ELEMENTOS LIMITED
EXL,ELIXINOL GLOBAL LIMITED
EXR,ELIXIR PETROLEUM LIMITED
ELK,ELK PETROLEUM LIMITED
EAI,ELLERSTON ASIAN INVESTMENTS LIMITED
EGI,ELLERSTON GLOBAL INVESTMENTS LIMITED
ELX,ELLEX MEDICAL LASERS LIMITED
ELO,ELMO SOFTWARE LIMITED
ELS,ELSIGHT LIMITED
EMB,EMBELTON LIMITED
EHL,EMECO HOLDINGS LIMITED
EMR,EMERALD RESOURCES NL
EMG,EMERGENT RESOURCES LIMITED
EMF,EMERGING MARKETS MASTERS FUND
EML,EML PAYMENTS LIMITED
ERM,EMMERSON RESOURCES LIMITED
EMP,EMPEROR ENERGY LIMITED
EEG,EMPIRE ENERGY GROUP LIMITED
EGO,EMPIRE OIL & GAS NL
ERL,EMPIRE RESOURCES LIMITED
EPD,EMPIRED LTD
EMU,EMU NL
ENR,ENCOUNTER RESOURCES LIMITED
ENB,ENEABBA GAS LIMITED
ENX,ENEGEX LIMITED
EAX,ENERGY ACTION LIMITED
EME,ENERGY METALS LTD
EOL,ENERGY ONE LIMITED
ERA,ENERGY RESOURCES OF AUSTRALIA LIMITED
EGY,ENERGY TECHNOLOGIES LIMITED
EWC,ENERGY WORLD CORPORATION LTD
EGG,ENERO GROUP LIMITED
EN1,ENGAGE:BDR LIMITED
EGN,ENGENCO LIMITED
EOR,ENHANCED OIL & GAS RECOVERY LIMITED
ENC,ENICE HOLDING COMPANY LIMITED
EXO,ENNOX GROUP LTD
E88,ENSOGO LIMITED
ENA,ENSURANCE LTD
ETE,ENTEK ENERGY LTD
ENT,ENTERPRISE METALS LIMITED
EVM,ENVIROMISSION LIMITED
ESI,ENVIRONMENTAL CLEAN TECHNOLOGIES LIMITED
EGL,ENVIRONMENTAL GROUP LIMITED (THE)
EVS,ENVIROSUITE LIMITED
E2E,EON NRG LIMITED
EPA,EPHRAIM RESOURCES LIMITED
EQT,EQT HOLDINGS LIMITED
EQX,EQUATORIAL RESOURCES LIMITED
EQE,EQUUS MINING LIMITED
EPW,ERM POWER LIMITED
ESE,ESENSE-LAB LTD
ESV,ESERVGLOBAL LIMITED
ESM,ESPERANCE MINERALS LIMITED
ESH,ESPORTS MOGUL ASIA PACIFIC LIMITED
EHE,ESTIA HEALTH LIMITED
ESR,ESTRELLA RESOURCES LIMITED
ESK,ETHERSTACK PLC
EBG,EUMUNDI GROUP LIMITED
EGH,EUREKA GROUP HOLDINGS LIMITED
EUC,EUROPEAN COBALT LTD
EUR,EUROPEAN LITHIUM LIMITED
EMH,EUROPEAN METALS HOLDINGS LIMITED
EZL,EUROZ LIMITED
EGD,EVANS & PARTNERS GLOBAL DISRUPTION FUND
EVE,EVE INVESTMENTS LIMITED
EVT,EVENT HOSPITALITY AND ENTERTAINMENT LTD
EVN,EVOLUTION MINING LIMITED
EVO,EVOLVE EDUCATION GROUP LIMITED
EVZ,EVZ LIMITED
EXG,EXCELSIOR GOLD LIMITED
EXP,EXPERIENCE CO LIMITED
EXU,EXPLAURUM LIMITED
FTT,FACTOR THERAPEUTICS LIMITED
FXJ,FAIRFAX MEDIA LIMITED
FZO,FAMILY ZONE CYBER SAFETY LIMITED
FAR,FAR LIMITED
FRM,FARM PRIDE FOODS LIMITED
FFC,FARMAFORCE LIMITED
FBR,FASTBRICK ROBOTICS LTD
FE8,FASTER ENTERPRISES LTD
FPC,FAT PROPHETS GLOBAL CONTRARIAN FUND LTD
FPP,FAT PROPHETS GLOBAL PROPERTY FUND
FFG,FATFISH INTERNET GROUP LTD
FEI,FE INVESTMENTS GROUP LIMITED
FEL,FE LIMITED
FCR,FERRUM CRESCENT LIMITED
FTZ,FERTOZ LIMITED
FFI,FFI HOLDINGS LIMITED
FID,FIDUCIAN GROUP LIMITED
FSG,FIELD SOLUTIONS HOLDINGS LIMITED
FRI,FINBAR GROUP LIMITED
FND,FINDERS RESOURCES LIMITED
FCC,FIRST COBALT CORP.
FGR,FIRST GRAPHENE LIMITED
FGF,FIRST GROWTH FUNDS LIMITED
FMA,FIRSTMAC MORTGAGE FUNDING TRUST SERIES 1-2007
FCT,FIRSTWAVE CLOUD TECHNOLOGY LIMITED
FPH,FISHER & PAYKEL HEALTHCARE CORPORATION LIMITED
FZR,FITZROY RIVER CORPORATION LTD
FSI,FLAGSHIP INVESTMENTS LIMITED
FGO,FLAMINGO AI LIMITED
FWD,FLEETWOOD CORPORATION LIMITED
FBU,FLETCHER BUILDING LIMITED
FXL,FLEXIGROUP LIMITED
FRX,FLEXIROAM LIMITED
FLT,FLIGHT CENTRE TRAVEL GROUP LIMITED
FMS,FLINDERS MINES LIMITED
FLC,FLUENCE CORPORATION LIMITED
FML,FOCUS MINERALS LTD
FET,FOLKESTONE EDUCATION TRUST
FLK,FOLKESTONE LIMITED
FSF,FONTERRA SHAREHOLDERS' FUND
FOR,FORAGER AUSTRALIAN SHARES FUND
4CE,FORCE COMMODITIES LIMITED
FRC,FORTE CONSOLIDATED LIMITED
FMG,FORTESCUE METALS GROUP LTD
FYA,FORTUNE ASIA GROUP LTD
FRN,FRASER RANGE METALS GROUP LTD
FNP,FREEDOM FOODS GROUP LIMITED
FIG,FREEDOM INSURANCE GROUP LTD
FDM,FREEDOM OIL AND GAS LTD
FHS,FREEHILL MINING LIMITED.
FLN,FREELANCER LIMITED
FPL,FREMONT PETROLEUM CORPORATION LIMITED
FCG,FRONTIER CAPITAL GROUP LIMITED
FDX,FRONTIER DIAMONDS LTD
FDV,FRONTIER DIGITAL VENTURES LIMITED
FNT,FRONTIER RESOURCES LIMITED
FSA,FSA GROUP LIMITED
FUN,FUNTASTIC LIMITED
FFT,FUTURE FIBRE TECHNOLOGIES LIMITED
FGG,FUTURE GENERATION GLOBAL INVESTMENT COMPANY LIMITED
FGX,FUTURE GENERATION INVESTMENT COMPANY LIMITED
FYI,FYI RESOURCES LIMITED
GMV,G MEDICAL INNOVATIONS HOLDINGS LIMITED
GUD,G.U.D. HOLDINGS LIMITED
GEM,G8 EDUCATION LIMITED
GRB,GAGE ROADS BREWING CO LIMITED
GXY,GALAXY RESOURCES LIMITED
GAP,GALE PACIFIC LIMITED
G1A,GALENA MINING LIMITED
GLL,GALILEE ENERGY LIMITED
GCM,GARDA CAPITAL GROUP
GDF,GARDA DIVERSIFIED PROPERTY FUND
GGX,GAS2GRID LIMITED
GCY,GASCOYNE RESOURCES LIMITED
GTY,GATEWAY LIFESTYLE GROUP
GML,GATEWAY MINING LIMITED
GZL,GAZAL CORPORATION LIMITED
GBM,GBM GOLD LTD
GBZ,GBM RESOURCES LIMITED
GBT,GBST HOLDINGS LIMITED
GDI,GDI PROPERTY GROUP
GBI,GENERA BIOSYSTEMS LIMITED
GDG,GENERATION DEVELOPMENT GROUP LIMITED
GNE,GENESIS ENERGY LIMITED
GMD,GENESIS MINERALS LIMITED
GES,GENESIS RESOURCES LIMITED
GSS,GENETIC SIGNATURES LIMITED
GTG,GENETIC TECHNOLOGIES LIMITED
GNX,GENEX POWER LIMITED
GTK,GENTRACK GROUP LIMITED
GMA,GENWORTH MORTGAGE INSURANCE AUSTRALIA LIMITED
GEO,GEOOP LIMITED
GPR,GEOPACIFIC RESOURCES LTD
GSW,GETSWIFT LIMITED
GID,"GI DYNAMICS, INC"
GBG,GINDALBIE METALS LTD
GLA,GLADIATOR RESOURCES LIMITED
GC1,GLENNON SMALL COMPANIES LIMITED
GLE,GLG CORP LTD
GCS,GLOBAL CONSTRUCTION SERVICES LIMITED
GEV,GLOBAL ENERGY VENTURES LIMITED
GFI,GLOBAL FORTUNE INVESTMENT LIMITED
GSC,GLOBAL GEOSCIENCE LIMITED
GLH,GLOBAL HEALTH LIMITED
GFL,GLOBAL MASTERS FUND LIMITED
GBP,GLOBAL PETROLEUM LIMITED
GVF,GLOBAL VALUE FUND LIMITED
GLB,GLOBE INTERNATIONAL LIMITED
GBE,GLOBE METALS & MINING LIMITED
GME,GME RESOURCES LIMITED
GOE,GO ENERGY GROUP LIMITED
GCN,GOCONNECT LIMITED
GFY,GODFREYS GROUP LIMITED
GMN,GOLD MOUNTAIN LIMITED
GOR,GOLD ROAD RESOURCES LIMITED
GCR,GOLDEN CROSS RESOURCES LTD
GED,GOLDEN DEEPS LIMITED.
G88,GOLDEN MILE RESOURCES LTD
GMR,GOLDEN RIM RESOURCES LTD
GMY,GOLDFIELDS MONEY LIMITED
GMG,GOODMAN GROUP
GOO,GOOROO VENTURES LIMITED
GOW,GOWING BROS LIMITED
GPS,GPS ALLIANCE HOLDINGS LIMITED
GPT,GPT GROUP
GNG,GR ENGINEERING SERVICES LIMITED
GNC,GRAINCORP LIMITED
GGE,GRAND GULF ENERGY LIMITED
GBA,GRANDBRIDGE LIMITED
GRR,GRANGE RESOURCES LIMITED.
GPX,GRAPHEX MINING LIMITED
GBR,GREAT BOULDER RESOURCES LIMITED
GTE,GREAT WESTERN EXPLORATION LIMITED.
GSL,GREATCELL SOLAR LIMITED
GXL,GREENCROSS LIMITED
GGG,GREENLAND MINERALS AND ENERGY LIMITED
GPP,GREENPOWER ENERGY LIMITED
GRV,GREENVALE ENERGY LIMITED
GOZ,GROWTHPOINT PROPERTIES AUSTRALIA
GCI,GRYPHON CAPITAL INCOME TRUST
GTR,GTI RESOURCES LIMITED
GTN,GTN LIMITED
GMC,GULF MANGANESE CORPORATION LIMITED
GUL,GULLEWA LIMITED
GWA,GWA GROUP LIMITED.
GWR,GWR GROUP LIMITED
HXP,HAIXI PHARMACEUTICAL INTERNATIONAL HOLDINGS LIMITED
HMX,HAMMER METALS LIMITED
HHM,HAMPTON HILL MINING NL
HNR,HANNANS LTD
HSN,HANSEN TECHNOLOGIES LIMITED
HAR,HARANGA RESOURCES LIMITED
HDY,HARDEY RESOURCES LIMITED
HT8,HARRIS TECHNOLOGY GROUP LIMITED
HVN,HARVEY NORMAN HOLDINGS LIMITED
HAS,HASTINGS TECHNOLOGY METALS LTD
HAV,HAVILAH RESOURCES LIMITED
HOG,HAWKLEY OIL AND GAS LIMITED
HWK,HAWKSTONE MINING LIMITED
HAW,HAWTHORN RESOURCES LIMITED
HZR,HAZER GROUP LIMITED
HSO,HEALTHSCOPE LIMITED.
HMO,HEARMEOUT LIMITED
HE8,HELIOS ENERGY LTD
HLX,HELIX RESOURCES LIMITED
HLO,HELLOWORLD TRAVEL LIMITED
HML,HENRY MORGAN LIMITED
HRR,HERON RESOURCES LIMITED
HXG,HEXAGON RESOURCES LIMITED
HNG,HGL LIMITED
HHY,HHY FUND
HGM,HIGH GRADE METALS LIMITED
HPR,HIGH PEAK ROYALTIES LIMITED
HFR,HIGHFIELD RESOURCES LIMITED
HIG,HIGHLANDS PACIFIC LIMITED
HEG,HILL END GOLD LIMITED
HGO,HILLGROVE RESOURCES LIMITED
HIL,HILLS LIMITED
HIT,HITECH GROUP AUSTRALIA LIMITED
HCT,HOLISTA COLLTECH LIMITED
HOM,HOMELOANS LIMITED
HRN,HORIZON GOLD LIMITED
HZN,HORIZON OIL LIMITED
HOR,HORSESHOE METALS LIMITED
HCH,HOT CHILI LIMITED
HOT,HOTCOPPER HOLDINGS LIMITED
HPI,HOTEL PROPERTY INVESTMENTS
HRL,HRL HOLDINGS LTD
HT1,HT&E LIMITED
HUB,HUB24 LIMITED
HGL,HUDSON INVESTMENT GROUP LIMITED
HDX,HUGHES DRILLING LIMITED
HUO,HUON AQUACULTURE GROUP LIMITED
HTA,HUTCHISON TELECOMMUNICATIONS (AUSTRALIA) LIMITED
HCO,HYLEA METALS LIMITED
HCS,"HYUNDAI CAPITAL SERVICES, INC."
IS3,I SYNERGY GROUP LIMITED
IAN,IAG FINANCE (NEW ZEALAND) LIMITED
IB8,IBOSSES CORPORATION LIMITED
IBN,IBUYNEW GROUP LIMITED
ICI,ICANDY INTERACTIVE LIMITED
ICQ,ICAR ASIA LIMITED
ICT,ICOLLEGE LIMITED
ICN,ICON ENERGY LIMITED
ICS,ICSGLOBAL LIMITED
IDF,IDOL 2010-1 TRUST
IDH,IDOL 2011-1 TRUST
IDJ,IDOL 2011-2 TRUST
IEL,IDP EDUCATION LIMITED
IDT,IDT AUSTRALIA LIMITED
IKE,IKEGPS GROUP LIMITED
IKW,IKWEZI MINING LIMITED
ILU,ILUKA RESOURCES LIMITED
IMA,IMAGE RESOURCES NL
IBX,IMAGION BIOSYSTEMS LIMITED
IMD,IMDEX LIMITED
IMF,IMF BENTHAM LIMITED
IMC,IMMURON LIMITED
IMM,IMMUTEP LIMITED
IPT,IMPACT MINERALS LIMITED
IPD,IMPEDIMED LIMITED
IMS,IMPELUS LIMITED
IPC,IMPERIAL PACIFIC LIMITED
IHL,IMPRESSION HEALTHCARE LIMITED
IMU,IMUGENE LIMITED
IAB,INABOX GROUP LIMITED
ICG,INCA MINERALS LIMITED
IPL,INCITEC PIVOT LIMITED
INK,INDAGO ENERGY LIMITED
IGO,INDEPENDENCE GROUP NL
IRL,INDIA RESOURCES LIMITED
IDA,INDIANA RESOURCES LIMITED
IDO,INDO MINES LIMITED
IDC,INDOCHINE MINING LIMITED
IDZ,INDOOR SKYDIVE AUSTRALIA GROUP LIMITED
IND,INDUS ENERGY NL
IDR,INDUSTRIA REIT
ICB,INDUSTRIAL AND COMMERCIAL BANK OF CHINA LIMITED
IFN,INFIGEN ENERGY
IFM,INFOMEDIA LTD
IFT,INFRATIL LIMITED.
INA,INGENIA COMMUNITIES GROUP
ING,INGHAMS GROUP LIMITED
IIL,INNATE IMMUNOTHERAPEUTICS LIMITED
IAG,INSURANCE AUSTRALIA GROUP LIMITED
IDX,INTEGRAL DIAGNOSTICS LIMITED
IGE,INTEGRATED GREEN ENERGY SOLUTIONS LTD
ITL,INTEGRATED MEDIA TECHNOLOGY LIMITED
IP1,INTEGRATED PAYMENT TECHNOLOGIES LIMITED
IRI,INTEGRATED RESEARCH LIMITED
IHR,INTELLIHR HOLDINGS LIMITED
IRC,INTERMIN RESOURCES LIMITED
IEQ,INTERNATIONAL EQUITIES CORPORATION LIMITED.
IFX,INTERNATIONAL FINANCE CORPORATION
IGS,INTERNATIONAL GOLDFIELDS LIMITED...
IHS,INTERPOSE HOLDINGS LIMITED
IMG,INTERSTAR MILLENNIUM SERIES 2002-1G TRUST
IMX,INTERSTAR MILLENNIUM SERIES 2003-3G TRUST
IMQ,INTERSTAR MILLENNIUM SERIES 2004-1E TRUST
IMK,INTERSTAR MILLENNIUM SERIES 2004-2G TRUST
IMN,INTERSTAR MILLENNIUM SERIES 2004-5 TRUST
IMO,INTERSTAR MILLENNIUM SERIES 2005-2L TRUST
INB,INTERSTAR MILLENNIUM SERIES 2006-2G TRUST
INN,INTERSTAR MILLENNIUM SERIES 2006-3L TRUST
INH,INTERSTAR MILLENNIUM SERIES 2006-4H TRUST
IAM,INTIGER GROUP LIMITED
IEC,INTRA ENERGY CORPORATION LIMITED
IAU,INTREPID MINES LIMITED
IVT,INVENTIS LIMITED
IOF,INVESTA OFFICE FUND
IVR,INVESTIGATOR RESOURCES LTD
INV,INVESTSMART GROUP LIMITED
IVO,INVIGOR GROUP LIMITED
IVX,INVION LIMITED
IVQ,INVITROCUE LIMITED
IVC,INVOCARE LIMITED
IOD,IODM LIMITED
IFL,IOOF HOLDINGS LIMITED
IOT,IOT GROUP LIMITED
IPB,IPB PETROLEUM LIMITED
IPE,IPE LIMITED
IPH,IPH LIMITED
IQ3,IQ3CORP LIMITED
IRE,IRESS LIMITED
INM,IRON MOUNTAIN INCORPORATED
IRD,IRON ROAD LIMITED
IBC,IRONBARK CAPITAL LIMITED
IBG,IRONBARK ZINC LTD
ISU,ISELECT LIMITED.
ISD,ISENTIA GROUP LIMITED
ICU,ISENTRIC LIMITED.
IJR,ISHARES S&P SMALL-CAP ETF
ISX,ISIGNTHIS LTD
ITD,ITL HEALTH GROUP LIMITED
IGL,IVE GROUP LIMITED
IXU,IXUP LIMITED
JIP,JACK-IN GROUP LIMITED
JKA,JACKA RESOURCES LIMITED
JDR,JADAR LITHIUM LIMITED
JHX,JAMES HARDIE INDUSTRIES PLC
JAL,JAMESON RESOURCES LIMITED
JAN,JANISON EDUCATION GROUP LIMITED
JHG,JANUS HENDERSON GROUP PLC
JHC,JAPARA HEALTHCARE LIMITED
JAT,JATENERGY LIMITED
JHL,JAYEX HEALTHCARE LIMITED
JAY,JAYRIDE GROUP LIMITED
JBH,JB HI-FI LIMITED
JCI,JC INTERNATIONAL GROUP LIMITED
JCS,JCURVE SOLUTIONS LTD
JRV,JERVOIS MINING LIMITED
JJF,JIAJIAFU MODERN AGRICULTURE LIMITED
JRL,JINDALEE RESOURCES LIMITED
JLG,JOHNS LYNG GROUP LIMITED
JYC,JOYCE CORPORATION LTD
JIN,JUMBO INTERACTIVE LIMITED
JPR,JUPITER ENERGY LIMITED
JMS,JUPITER MINES LIMITED.
JKL,JUSTKAPITAL LIMITED
JVG,JV GLOBAL LIMITED
JYG,JYG AUSTRALIA LTD
KSC,K & S CORPORATION LIMITED
KAM,K2 ASSET MANAGEMENT HOLDINGS LTD
KTE,K2 ENERGY LIMITED.
K2F,K2FLY LIMITED
KLR,KAILI RESOURCES LIMITED
KIK,KAIRIKI ENERGY LIMITED
KAI,KAIROS MINERALS LIMITED
KZR,KALAMAZOO RESOURCES LIMITED
KLH,KALIA LIMITED
KPO,KALINA POWER LIMITED
KLL,KALIUM LAKES LIMITED
KGM,KALNORTH GOLD MINES LIMITED
KPT,KANGAROO ISLAND PLANTATION TIMBERS LTD
KRL,KANGAROO RESOURCES LIMITED
KAR,KAROON GAS AUSTRALIA LIMITED
KAS,KASBAH RESOURCES LIMITED
KAT,KATANA CAPITAL LIMITED
KMD,KATHMANDU HOLDINGS LIMITED
KPC,KAZAKHSTAN POTASH CORPORATION LIMITED
KZA,KAZIA THERAPEUTICS LIMITED
KBL,KBL MINING LIMITED
KPG,KELLY PARTNERS GROUP HOLDINGS LIMITED
KEY,KEY PETROLEUM LIMITED
KBC,KEYBRIDGE CAPITAL LIMITED
KFW,KFW
KGL,KGL RESOURCES LIMITED
KNL,KIBARAN RESOURCES LIMITED
KDR,KIDMAN RESOURCES LIMITED
KIN,KIN MINING NL
KPL,KINA PETROLEUM LIMITED
KSL,KINA SECURITIES LIMITED
KKO,KINETIKO ENERGY LTD
KIS,KING ISLAND SCHEELITE LIMITED
KRC,KING RIVER COPPER LIMITED
KIG,KINGFISHER TRUST 2016-1
KCN,KINGSGATE CONSOLIDATED LIMITED.
KLO,KINGSLAND GLOBAL LTD
KRM,KINGSROSE MINING LIMITED
KSN,KINGSTON RESOURCES LIMITED
KME,KIP MCGRATH EDUCATION CENTRES LIMITED
KLA,KIRKLAND LAKE GOLD LTD
KNM,KNEOMEDIA LIMITED
KNO,KNOSYS LIMITED
KGN,KOGAN.COM LTD
KFE,KOGI IRON LIMITED
KKL,KOLLAKORN CORPORATION LIMITED
KKT,KONEKT LIMITED
KNH,KOON HOLDINGS LIMITED
KMT,KOPORE METALS LIMITED
KOR,KORAB RESOURCES LIMITED
KP2,KORE POTASH PLC
KOP,KOREA SOUTH-EAST POWER CO LTD
KOV,KORVEST LTD
KTA,KRAKATOA RESOURCES LIMITED
KRS,KRESTA HOLDINGS LIMITED
KGD,KULA GOLD LIMITED
KYK,KYCKR LIMITED
LSF,L1 LONG SHORT FUND LIMITED
LSA,LACHLAN STAR LIMITED
LKE,LAKE RESOURCES N.L.
LKO,LAKES OIL NL
LHM,LAND & HOMES GROUP LIMITED
LMW,LANDMARK WHITE LIMITED
LNY,LANEWAY RESOURCES LTD
LGR,LANKA GRAPHITE LIMITED
LTN,LANTERN HOTEL GROUP
LAM,LARAMIDE RESOURCES LTD
LBL,LASERBOND LIMITED
LAA,LATAM AUTOS LIMITED
LRS,LATIN RESOURCES LIMITED
LCN,LATITUDE AUSTRALIA CREDIT CARD LOAN NOTE TRUST
LC1,LATITUDE AUSTRALIA PERSONAL LOANS SERIES 2017-1 TRUST
LCD,LATITUDE CONSOLIDATED LIMITED
LMG,LATROBE MAGNESIUM LIMITED
LBT,LBT INNOVATIONS LIMITED
LER,LEAF RESOURCES LTD
LEX,LEFROY EXPLORATION LIMITED
LCY,LEGACY IRON ORE LIMITED
LGD,LEGEND CORPORATION LIMITED
LEG,LEGEND MINING LIMITED
LCK,LEIGH CREEK ENERGY LIMITED
LLC,LENDLEASE GROUP
LPD,LEPIDICO LTD
LHC,LIFEHEALTHCARE GROUP LIMITED
LSH,LIFESPOT HEALTH LTD
LIC,LIFESTYLE COMMUNITIES LIMITED
LML,LINCOLN MINERALS LIMITED
LIN,LINDIAN RESOURCES LIMITED
LAU,LINDSAY AUSTRALIA LIMITED
LNU,LINIUS TECHNOLOGIES LIMITED
LNK,LINK ADMINISTRATION HOLDINGS LIMITED
LIO,LION ENERGY LIMITED
LLO,LION ONE METALS LIMITED
LSX,LION SELECTION GROUP LIMITED.
LHB,LIONHUB GROUP LIMITED
LTR,LIONTOWN RESOURCES LIMITED
LNG,LIQUEFIED NATURAL GAS LIMITED
LIT,LITHIUM AUSTRALIA NL
LI3,LITHIUM CONSOLIDATED MINERAL EXPLORATION LIMITED
LPI,LITHIUM POWER INTERNATIONAL LIMITED
LCA,LITIGATION CAPITAL MANAGEMENT LIMITED
LVH,LIVEHIRE LIMITED
LVT,LIVETILES LIMITED
LCT,LIVING CELL TECHNOLOGIES LIMITED
LO1,LLOYDS BANKING GROUP PLC
LPE,LOCALITY PLANNING ENERGY HOLDINGS LIMITED
LSR,LODESTAR MINERALS LIMITED
LCM,LOGICAMMS LIMITED
LCE,LONDON CITY EQUITIES LIMITED
LFR,LONGFORD RESOURCES LIMITED
LGO,LONGREACH OIL LIMITED
LON,LONGTABLE GROUP LIMITED
LVE,LOVE GROUP GLOBAL LTD
LOV,LOVISA HOLDINGS LIMITED
LRT,LOWELL RESOURCES FUND
LOM,LUCAPA DIAMOND COMPANY LIMITED
LRM,LUSTRUM MINERALS LTD
LWP,LWP TECHNOLOGIES LIMITED
LYL,LYCOPODIUM LIMITED
LYC,LYNAS CORPORATION LIMITED
MLD,MACA LIMITED
M7T,MACH7 TECHNOLOGIES LIMITED
MAH,MACMAHON HOLDINGS LIMITED
MRP,MACPHERSONS RESOURCES LIMITED
MQA,MACQUARIE ATLAS ROADS GROUP
MBL,MACQUARIE BANK LIMITED
MQG,MACQUARIE GROUP LIMITED
MRN,MACQUARIE MEDIA LIMITED
MAQ,MACQUARIE TELECOM GROUP LIMITED
MFG,MAGELLAN FINANCIAL GROUP LIMITED
MGG,MAGELLAN GLOBAL TRUST
MAG,MAGMATIC RESOURCES LIMITED
MAU,MAGNETIC RESOURCES NL
MGT,MAGNETITE MINES LIMITED.
MNS,MAGNIS RESOURCES LIMITED.
MGU,MAGNUM MINING AND EXPLORATION LIMITED
MGL,MAGONTEC LIMITED
MAI,MAINSTREAM GROUP HOLDINGS LIMITED
MHH,MAJESTIC HORIZON HOLDINGS LTD
MKG,MAKO GOLD LIMITED
MAR,MALACHITE RESOURCES LIMITED
MGP,MANAGED ACCOUNTS HOLDINGS LIMITED
MTL,MANALTO LIMITED
MSR,MANAS RESOURCES LIMITED
MDD,MANDALONG RESOURCES LIMITED
MHC,MANHATTAN CORPORATION LIMITED
MTR,MANTRA GROUP LIMITED
MEY,MARENICA ENERGY LTD
MTM,MARETERRAM LIMITED
MZN,MARINDI METALS LIMITED
MCX,MARINER CORPORATION LIMITED
MEU,MARMOTA LIMITED
MQR,MARQUEE RESOURCES LIMITED
MJP,MARTIN AIRCRAFT COMPANY LIMITED
MYE,MASTERMYNE GROUP LIMITED
MZZ,MATADOR MINING LIMITED
MCE,MATRIX COMPOSITES & ENGINEERING LIMITED
MAT,MATSA RESOURCES LIMITED
MXR,MAXIMUS RESOURCES LIMITED
MXI,MAXITRANS INDUSTRIES LIMITED
MSP,MAXSEC GROUP LIMITED
MFD,MAYFIELD CHILDCARE LIMITED
MYX,MAYNE PHARMA GROUP LIMITED
MRL,MAYUR RESOURCES LIMITED
MCM,MC MINING LIMITED
MEA,MCGRATH LIMITED
MMS,MCMILLAN SHAKESPEARE LIMITED
MXT,MCP MASTER INCOME TRUST
MCP,MCPHERSON'S LIMITED
MSG,MCS SERVICES LIMITED
MMR,MEC RESOURCES LIMITED
MDR,MEDADVISOR LIMITED
MBJ,MEDALLION TRUST SERIES 2013-2
MDZ,MEDALLION TRUST SERIES 2014-1
MPZ,MEDALLION TRUST SERIES 2014-1P
MZB,MEDALLION TRUST SERIES 2014-2
MZA,MEDALLION TRUST SERIES 2015-1
MZC,MEDALLION TRUST SERIES 2015-2
MZF,MEDALLION TRUST SERIES 2016-1
MZT,MEDALLION TRUST SERIES 2016-2
MZ1,MEDALLION TRUST SERIES 2017-1
MZ2,MEDALLION TRUST SERIES 2017-2
MPL,MEDIBANK PRIVATE LIMITED
MEB,MEDIBIO LIMITED
MVP,MEDICAL DEVELOPMENTS INTERNATIONAL LIMITED
MGZ,MEDIGARD LIMITED
MDC,MEDLAB CLINICAL LIMITED
MML,MEDUSA MINING LIMITED
MP1,MEGAPORT LIMITED
MJC,MEJORITY CAPITAL LIMITED
MAY,MELBANA ENERGY LIMITED
MLB,MELBOURNE IT LIMITED
MEM,MEMPHASYS LIMITED.
MVT,MERCANTILE INVESTMENT COMPANY LTD
MHI,MERCHANT HOUSE INTERNATIONAL LIMITED
MCY,MERCURY NZ LIMITED
MEZ,MERIDIAN ENERGY LIMITED
MED,MERLIN DIAMONDS LIMITED
MAS,MESA MINERALS LIMITED
MSB,MESOBLAST LIMITED
MBK,METAL BANK LIMITED
MCT,METALICITY LIMITED
MLM,METALLICA MINERALS LIMITED
ML7,METALS 479 LTD
MLS,METALS AUSTRALIA LTD
MLX,METALS X LIMITED
MSE,METALSEARCH LIMITED
MTC,METALSTECH LIMITED
MTS,METCASH LIMITED
MEI,METEORIC RESOURCES NL
MEL,METGASCO LTD
MEQ,METLIFECARE LIMITED
MNC,METMINCO LIMITED
MMI,METRO MINING LIMITED
MPP,METRO PERFORMANCE GLASS LIMITED
MFF,MFF CAPITAL INVESTMENTS LIMITED
MGC,MG UNIT TRUST
MXC,MGC PHARMACEUTICALS LTD
MWR,MGM WIRELESS LIMITED
MHJ,MICHAEL HILL INTERNATIONAL LIMITED
MX1,MICRO-X LIMITED
MAM,MICROEQUITIES ASSET MANAGEMENT GROUP LIMITED
MDI,MIDDLE ISLAND RESOURCES LIMITED
MWY,MIDWAY LIMITED
MIG,MIGME LIMITED
MHD,MILLENNIUM LIMITED
MOY,MILLENNIUM MINERALS LIMITED
MIL,MILLENNIUM SERVICES GROUP LIMITED
MAX,MILLINIUM'S ALTERNATIVES FUND.
MLT,MILTON CORPORATION LIMITED
MNB,MINBOS RESOURCES LIMITED
MCR,MINCOR RESOURCES NL
MDX,MINDAX LIMITED
MRC,MINERAL COMMODITIES LTD
MDL,MINERAL DEPOSITS LIMITED
MIN,MINERAL RESOURCES LIMITED
MEP,MINOTAUR EXPLORATION LTD
MRR,MINREX RESOURCES LIMITED
MNW,MINT PAYMENTS LIMITED
MLI,MINTAILS LIMITED
MIR,MIRRABOOKA INVESTMENTS LIMITED
MGR,MIRVAC GROUP
MBT,MISSION NEWENERGY LIMITED
MSV,MITCHELL SERVICES LIMITED
MTH,MITHRIL RESOURCES LIMITED
MUA,MITULA GROUP LIMITED
MRM,MMA OFFSHORE LIMITED
MMG,MMG LIMITED
MMJ,MMJ PHYTOTECH LIMITED
MIH,MNC MEDIA INVESTMENT LTD
MNF,MNF GROUP LIMITED
MBM,MOBECOM LIMITED
MBO,MOBILARM LIMITED
MOB,MOBILICOM LIMITED
MOD,MOD RESOURCES LIMITED
MOE,MOELIS AUSTRALIA LIMITED
MKB,MOKO SOCIAL MEDIA LIMITED
MPO,MOLOPO ENERGY LIMITED
MND,MONADELPHOUS GROUP LIMITED
MA1,MONASH ABSOLUTE INVESTMENT COMPANY LIMITED
MVF,MONASH IVF GROUP LIMITED
MOX,MONAX MINING LIMITED
MNY,MONEY3 CORPORATION LIMITED
MZM,MONTEZUMA MINING COMPANY LTD
MRV,MORETON RESOURCES LTD
MEC,MORPHIC ETHICAL EQUITIES FUND LIMITED
MOC,MORTGAGE CHOICE LIMITED
MTO,MOTORCYCLE HOLDINGS LIMITED
MTB,MOUNT BURGESS MINING NL
MGX,MOUNT GIBSON IRON LIMITED
MRD,MOUNT RIDLEY MINES LIMITED
MRQ,MRG METALS LIMITED
MPW,MSL SOLUTIONS LIMITED
MSM,MSM CORPORATION INTERNATIONAL LTD
MXU,MULTIPLEX SITES TRUST
MSI,MULTISTACK INTERNATIONAL LIMITED
MCH,MURCHISON HOLDINGS LIMITED
MCA,MURRAY COD AUSTRALIA LIMITED
MRG,MURRAY RIVER ORGANICS GROUP LIMITED
MGV,MUSGRAVE MINERALS LIMITED
MUS,MUSTANG RESOURCES LIMITED
MPX,MUSTERA PROPERTY GROUP LIMITED
MYL,MYANMAR METALS LIMITED
MYR,MYER HOLDINGS LIMITED
MYQ,MYFIZIQ LIMITED
MYO,MYOB GROUP LIMITED
MYS,MYSTATE LIMITED
MZI,MZI RESOURCES LTD
N1H,N1 HOLDINGS LIMITED
NAG,NAGAMBIE RESOURCES LIMITED
NAM,NAMOI COTTON LIMITED
NC6,NANOLLOSE LIMITED
NAN,NANOSONICS LIMITED
NAC,NAOS ABSOLUTE OPPORTUNITIES COMPANY LIMITED
NCC,NAOS EMERGING OPPORTUNITIES COMPANY LIMITED
NSC,NAOS SMALL CAP OPPORTUNITIES COMPANY LIMITED
NAB,NATIONAL AUSTRALIA BANK LIMITED
NAF,NATIONAL RMBS TRUST 2011-1 SERIES 2011-1
NAO,NATIONAL RMBS TRUST 2011-2 SERIES 2011-2
NAH,NATIONAL RMBS TRUST 2012-2 SERIES 2012-2
NAJ,NATIONAL RMBS TRUST 2015-1 SERIES 2015-1
NRM,NATIONAL RMBS TRUST 2016-1
NSR,NATIONAL STORAGE REIT
NTD,NATIONAL TYRE & WHEEL LIMITED
NVL,NATIONAL VETERINARY CARE LTD
NML,NAVARRE MINERALS LIMITED
NGI,NAVIGATOR GLOBAL INVESTMENTS LIMITED
NAV,NAVIGATOR RESOURCES LIMITED
NVT,NAVITAS LIMITED
NEA,NEARMAP LTD
NES,NELSON RESOURCES LIMITED.
NXR,NEMEX RESOURCES LIMITED
NMT,NEOMETALS LTD
NMS,NEPTUNE MARINE SERVICES LIMITED
NCL,NETCCENTRIC LIMITED
NTC,NETCOMM WIRELESS LIMITED
NET,NETLINKZ LIMITED
NWL,NETWEALTH GROUP LIMITED
NEU,NEUREN PHARMACEUTICALS LIMITED
NTI,NEUROTECH INTERNATIONAL LIMITED
NAE,NEW AGE EXPLORATION LIMITED
NCZ,NEW CENTURY RESOURCES LIMITED
NEW,NEW ENERGY SOLAR
NHC,NEW HOPE CORPORATION LIMITED
NSE,NEW STANDARD ENERGY LIMITED
NTL,NEW TALISMAN GOLD MINES LIMITED
NZK,NEW ZEALAND KING SALMON INVESTMENTS LIMITED
NCM,NEWCREST MINING LIMITED
NWF,NEWFIELD RESOURCES LIMITED
NWS,NEWS CORPORATION..
NME,NEX METALS EXPLORATION LIMITED
NXT,NEXTDC LIMITED
NXM,NEXUS MINERALS LIMITED
NGE,NGE CAPITAL LIMITED
NHF,NIB HOLDINGS LIMITED
NLH,NICHELIVING HOLDINGS LTD
NCK,NICK SCALI LIMITED
NIO,NICKELORE LIMITED
NEC,NINE ENTERTAINMENT CO. HOLDINGS LIMITED
NIU,NIUMINCO GROUP LIMITED
NKP,NKWE PLATINUM LIMITED
NMG,NMG CORPORATION LIMITED
NMM,NOBLE METALS LIMITED
NBL,NONI B LIMITED
NIB,NORDIC INVESTMENT BANK
N27,NORTHERN COBALT LIMITED
NTU,NORTHERN MINERALS LIMITED
NMI,NORTHERN MINING LIMITED
NST,NORTHERN STAR RESOURCES LTD
NWE,NORWEST ENERGY NL
NOR,NORWOOD SYSTEMS LIMITED
NVA,NOVA MINERALS LIMITED
NOE,NOVARISE RENEWABLE RESOURCES INTERNATIONAL LIMITED
NOV,NOVATTI GROUP LIMITED
NHL,NOVITA HEALTHCARE LIMITED
NLI,NOVO LITIO LTD
NVX,NOVONIX LIMITED
NOX,NOXOPHARM LIMITED
NWH,NRW HOLDINGS LIMITED
NSL,NSL CONSOLIDATED LIMITED
NSX,NSX LIMITED
NTM,NTM GOLD LIMITED
NCR,NUCOAL RESOURCES LIMITED
NGY,NUENERGY GAS LIMITED
NFN,NUFARM FINANCE (NZ) LIMITED
NUF,NUFARM LIMITED
NUH,NUHEARA LIMITED
NUS,NUSANTARA RESOURCES LIMITED
NVO,NVOI LTD
NZM,NZME LIMITED
NZC,NZURI COPPER LIMITED
OKJ,OAKAJEE CORPORATION
OAR,OAKDALE RESOURCES LIMITED
OBJ,OBJ LIMITED
OCL,OBJECTIVE CORPORATION LIMITED
OGA,OCEAN GROWN ABALONE LIMITED
OGC,OCEANAGOLD CORPORATION
OCP,OCEANIA CAPITAL PARTNERS LIMITED
OCA,OCEANIA HEALTHCARE LIMITED
OGH,OCHRE GROUP HOLDINGS LIMITED
OXX,OCTANEX LIMITED
ODN,ODIN ENERGY LIMITED
ODM,ODIN METALS LIMITED
ODY,ODYSSEY ENERGY LIMITED
OFX,OFX GROUP LIMITED
OSH,OIL SEARCH LIMITED
OEX,OILEX LTD
OKR,OKAPI RESOURCES LIMITED
OKU,OKLO RESOURCES LIMITED
OLH,OLDFIELDS HOLDINGS LIMITED
OLI,OLIVER'S REAL FOOD LIMITED
OMH,OM HOLDINGS LIMITED
OMT,OMNI MARKET TIDE LTD
OSL,ONCOSIL MEDICAL LTD
1AL,ONEALL INTERNATIONAL LIMITED
ONE,ONEVIEW HEALTHCARE PLC
OVH,ONEVUE HOLDINGS LIMITED
OTR,ONTERRAN LIMITED
OML,OOH!MEDIA LIMITED
OOK,OOKAMI LIMITED
OPN,OPENDNA LIMITED
OPT,OPTHEA LIMITED
OIL,OPTISCAN IMAGING LIMITED
OPG,OPUS GROUP LIMITED
OEC,ORBITAL CORPORATION LIMITED
OGY,ORCA ENERGY LIMITED
ORR,ORECORP LIMITED
ORH,ORH LIMITED
ORI,ORICA LIMITED
OTI,ORIENTAL TECHNOLOGIES INVESTMENT LIMITED
ORG,ORIGIN ENERGY LIMITED
OGX,ORINOCO GOLD LIMITED
OEQ,ORION EQUITIES LIMITED
OHE,ORION HEALTH GROUP LIMITED
ORM,ORION METALS LIMITED
ORN,ORION MINERALS LTD
OVL,ORO VERDE LIMITED
ORE,OROCOBRE LIMITED
ORA,ORORA LIMITED
ORL,OROTONGROUP LIMITED
OCC,ORTHOCELL LIMITED
OSP,OSPREY MEDICAL INC
OLV,OTHERLEVELS HOLDINGS LIMITED
OEL,OTTO ENERGY LIMITED
OVN,OVENTUS MEDICAL LIMITED
OTW,OVER THE WIRE HOLDINGS LIMITED
OVR,OVERLAND RESOURCES LIMITED
OZL,OZ MINERALS LIMITED
OZG,OZGROWTH LIMITED
P2P,P2P TRANSPORT LIMITED
PAK,PACIFIC AMERICAN COAL LIMITED
PBX,PACIFIC BAUXITE LIMITED
PAC,PACIFIC CURRENT GROUP LIMITED
PDF,PACIFIC DAIRIES LIMITED
PEA,PACIFIC ENERGY LIMITED
PFM,PACIFIC MINING LIMITED
PSQ,PACIFIC SMILES GROUP LIMITED
PNW,PACIFIC STAR NETWORK LIMITED
PMY,PACIFICO MINERALS LIMITED
PGH,PACT GROUP HOLDINGS LTD
PCK,PAINCHEK LTD
PDN,PALADIN ENERGY LTD
PZC,PAN ASIA CORPORATION LIMITED
PCL,PANCONTINENTAL OIL & GAS NL
PSY,PANORAMA SYNERGY LTD
PAN,PANORAMIC RESOURCES LIMITED
PGI,PANTERRA GOLD LIMITED
PNR,PANTORO LIMITED
PPY,PAPYRUS AUSTRALIA LIMITED
PAR,PARADIGM BIOPHARMACEUTICALS LIMITED..
PGC,PARAGON CARE LIMITED
PNL,PARINGA RESOURCES LIMITED
PKD,PARKD LTD
PWN,PARKWAY MINERALS NL
PAB,PATRYS LIMITED
PYG,PAYGROUP LIMITED
PEK,PEAK RESOURCES LIMITED
PKO,PEAKO LIMITED
PG1,PEARL GLOBAL LIMITED
PEX,PEEL MINING LIMITED
PPC,PEET LIMITED
PUN,PEGASUS METALS LIMITED
PEL,PELICAN RESOURCES LIMITED
PCG,PENGANA CAPITAL GROUP LIMITED
PIA,PENGANA INTERNATIONAL EQUITIES LIMITED
PEN,PENINSULA ENERGY LIMITED
PSM,PENINSULA MINES LIMITED
PTL,PENTAL LIMITED
PPE,PEOPLE INFRASTRUCTURE LTD
PHR,PEOPLESHR LIMITED
PNN,PEPINNINI LITHIUM LIMITED
PEP,PEPPER I-PRIME 2017-3 TRUST
PIL,PEPPERMINT INNOVATION LIMITED
PIC,PERPETUAL EQUITY INVESTMENT COMPANY LIMITED
PPT,PERPETUAL LIMITED
PEC,PERPETUAL RESOURCES LIMITED
PRU,PERSEUS MINING LIMITED
PTR,PETRATHERM LTD
PRL,PETREL ENERGY LIMITED
PSA,PETSEC ENERGY LIMITED
PAA,PHARMAUST LIMITED
PXS,PHARMAXIS LTD
PHI,PHILEO AUSTRALIA LIMITED
PHK,PHOSLOCK WATER SOLUTIONS LIMITED
POH,PHOSPHAGENICS LIMITED
PYC,PHYLOGICA LIMITED
PLL,PIEDMONT LITHIUM LTD
PLS,PILBARA MINERALS LIMITED
PGY,PILOT ENERGY LIMITED
PNI,PINNACLE INVESTMENT MANAGEMENT GROUP LIMITED
PNC,PIONEER CREDIT LIMITED
PIO,PIONEER RESOURCES LIMITED
PZM,PISTON MACHINERY LTD.
PPZ,PLACES FOR PEOPLE TREASURY PLC
PGS,PLANET GAS LIMITED
PGM,PLATINA RESOURCES LIMITED
PAI,PLATINUM ASIA INVESTMENTS LIMITED
PTM,PLATINUM ASSET MANAGEMENT LIMITED
PMC,PLATINUM CAPITAL LIMITED
PL8,PLATO INCOME MAXIMISER LIMITED.
PLC,PLC FINANCIAL SOLUTIONS LIMITED
PKA,PLUKKA LIMITED
PLH,PLYMOUTH MINERALS LIMITED
PAF,PM CAPITAL ASIAN OPPORTUNITIES FUND LIMITED
PGF,PM CAPITAL GLOBAL OPPORTUNITIES FUND LIMITED
PMP,PMP LIMITED
PNX,PNX METALS LIMITED
PVE,PO VALLEY ENERGY LIMITED
POD,PODIUM MINERALS LIMITED
3DP,POINTERRA LIMITED
PXX,POLARX LIMITED
PNV,POLYNOVO LIMITED
POS,POSEIDON NICKEL LIMITED
P88,POWER ASIA LIMITED
PVL,POWERHOUSE VENTURES LIMITED
POZ,POZ MINERALS LIMITED
PPK,PPK GROUP LIMITED
PPS,PRAEMIUM LIMITED
PDZ,PRAIRIE MINING LIMITED
PBT,PRANA BIOTECHNOLOGY LIMITED
PDI,PREDICTIVE DISCOVERY LIMITED
PMV,PREMIER INVESTMENTS LIMITED
PTX,PRESCIENT THERAPEUTICS LIMITED
PGO,PRIMARY GOLD LIMITED
PRY,PRIMARY HEALTH CARE LIMITED
PFG,PRIME FINANCIAL GROUP LIMITED
PRT,PRIME MEDIA GROUP LIMITED
PME,PRO MEDICUS LIMITED
PPG,PRO-PAC PACKAGING LIMITED
PBP,PROBIOTEC LIMITED
POB,PROGRESS 2010-1 TRUST
POT,PROGRESS 2017-2 TRUST
PFP,PROPEL FUNERAL PARTNERS LIMITED
PCH,PROPERTY CONNECT HOLDINGS LIMITED
PLG,PROPERTYLINK GROUP
PRO,PROPHECY INTERNATIONAL HOLDINGS LIMITED
PSC,PROSPECT RESOURCES LIMITED
POW,PROTEAN ENERGY LIMITED
PIQ,PROTEOMICS INTERNATIONAL LABORATORIES LTD
PSZ,PS&C LIMITED
PSI,PSC INSURANCE GROUP LIMITED
PVA,PSIVIDA CORP.
PTB,PTB GROUP LIMITED
PHA,PUBLIC HOLDINGS (AUSTRALIA) LIMITED
PUB,PUMA MASTERFUND P-16
PUG,PUMA MASTERFUND S-8
PUJ,PUMA SERIES 2013-1
PUK,PUMA SERIES 2014-1
PUO,PUMA SERIES 2014-2
PUQ,PUMA SERIES 2014-4P
PUU,PUMA SERIES 2015-1
PUV,PUMA SERIES 2015-3
PUZ,PUMA SERIES 2017-1
PVD,PURA VIDA ENERGY NL
PM1,PURE MINERALS LIMITED
PPL,PUREPROFILE LTD
PUR,PURSUIT MINERALS LTD
PPH,PUSHPAY HOLDINGS LIMITED
PWH,PWR HOLDINGS LIMITED
PLX,PYROLYX AG
QTG,Q TECHNOLOGY GROUP LIMITED
QAN,QANTAS AIRWAYS LIMITED
QIP,QANTM INTELLECTUAL PROPERTY LIMITED
QBE,QBE INSURANCE GROUP LIMITED
QMS,QMS MEDIA LIMITED
QRX,QRXPHARMA LTD
QFY,QUANTIFY TECHNOLOGY HOLDINGS LIMITED
QTM,QUANTUM ENERGY LIMITED.
QGL,QUANTUM GRAPHITE LIMITED
QUB,QUBE HOLDINGS LIMITED
QBC,QUEBEC
QBL,QUEENSLAND BAUXITE LIMITED
XQL,QUEENSLAND TREASURY CORPORATION
QST,QUEST INVESTMENTS LIMITED
QUE,QUESTE COMMUNICATIONS LIMITED
QSS,QUESTUS LIMITED
QHL,QUICKSTEP HOLDINGS LIMITED
QIN,QUINTIS LTD
QVE,QV EQUITIES LIMITED
R3D,R3D GLOBAL LIMITED
RAC,RACE ONCOLOGY LTD
RFR,RAFAELLA RESOURCES LTD.
RAF,RAFFLES CAPITAL LIMITED
RDN,RAIDEN RESOURCES LIMITED
RMS,RAMELIUS RESOURCES LIMITED
RMM,RAMS MORTGAGE SECURITIES TRUST SERIES 2006-1
RMH,RAMS MORTGAGE SECURITIES TRUST SERIES 2007-2H
RHC,RAMSAY HEALTH CARE LIMITED
RND,RAND MINING LIMITED
RAN,RANGE INTERNATIONAL LIMITED
RRS,RANGE RESOURCES LIMITED
RPG,RAPTIS GROUP LIMITED
RPL,RAPTOR RESOURCES LIMITED
REL,RAVEN ENERGY LIMITED
RAW,RAWSON OIL AND GAS LTD
RBR,RBR GROUP LIMITED
RCR,RCR TOMLINSON LIMITED
REA,REA GROUP LTD
RCL,READCLOUD LIMITED
RLE,REAL ENERGY CORPORATION LIMITED
REV,REAL ESTATE INVESTAR GROUP LIMITED
RRP,REALM RESOURCES LIMITED
RCE,RECCE PHARMACEUTICALS LTD
RKN,RECKON LIMITED
RFT,RECTIFIER TECHNOLOGIES LTD
RED,RED 5 LIMITED
RMP,RED EMPEROR RESOURCES NL
RHI,RED HILL IRON LIMITED
RDM,RED METAL LIMITED
RMX,RED MOUNTAIN MINING LIMITED
RVR,RED RIVER RESOURCES LIMITED
ROG,RED SKY ENERGY LIMITED.
RCP,REDBANK COPPER LIMITED
RBL,REDBUBBLE LIMITED
RDF,REDFLEX HOLDINGS LIMITED
RFX,REDFLOW LIMITED
RDH,REDHILL EDUCATION LIMITED
RDS,REDSTONE RESOURCES LIMITED
REH,REECE LIMITED
RLC,REEDY LAGOON CORPORATION LIMITED
RCT,REEF CASINO TRUST
RFN,REFFIND LIMITED
RGP,REFRESH GROUP LIMITED
RGS,REGENEUS LTD
REX,REGIONAL EXPRESS HOLDINGS LIMITED
REG,REGIS HEALTHCARE LIMITED
RRL,REGIS RESOURCES LIMITED
RD1,REGISTRY DIRECT LIMITED
RWC,RELIANCE WORLDWIDE CORPORATION LIMITED
RNU,RENASCOR RESOURCES LIMITED
RNT,RENT.COM.AU LIMITED
RNE,RENU ENERGY LIMITED
RAP,RESAPP HEALTH LIMITED
RT9,RESIMAC BASTILLE TRUST SERIES 2017-1NC
RTC,RESIMAC TRIOMPHE TRUST PREMIER 2017-2
RMD,RESMED INC
RSG,RESOLUTE MINING LIMITED
RHT,RESONANCE HEALTH LIMITED
RBX,RESOURCE BASE LIMITED
RDG,RESOURCE DEVELOPMENT GROUP LIMITED
RES,RESOURCE GENERATION LIMITED
RMI,RESOURCE MINING CORPORATION LIMITED
REZ,RESOURCES & ENERGY GROUP LIMITED
RSH,RESPIRI LIMITED
RBD,RESTAURANT BRANDS NEW ZEALAND LIMITED
RFG,RETAIL FOOD GROUP LIMITED
RTE,"RETECH TECHNOLOGY CO., LIMITED"
RVA,"REVA MEDICAL, INC"
REF,REVERSE CORP LIMITED
RWD,REWARD MINERALS LTD
RXH,REWARDLE HOLDINGS LIMITED
RXM,REX MINERALS LIMITED
REY,REY RESOURCES LIMITED
RNO,RHINOMED LIMITED
RHP,RHIPE LIMITED
RHS,RHS LIMITED
RHY,RHYTHM BIOSCIENCES LIMITED
RIC,RIDLEY CORPORATION LIMITED
RIE,RIEDEL RESOURCES LIMITED
RVY,RIFT VALLEY RESOURCES LIMITED.
RCW,RIGHTCROWD LIMITED
RIM,RIMFIRE PACIFIC MINING NL
RIO,RIO TINTO LIMITED
RNL,RISION LIMITED
RGL,RIVERSGOLD LIMITED
RMT,RMA ENERGY LIMITED
RMG,RMG LIMITED
RNY,RNY PROPERTY TRUST
RBO,ROBO 3D LIMITED
RY8,RONGYU PHARMACEUTICALS LIMITED
ROO,ROOTS SUSTAINABLE AGRICULTURAL TECHNOLOGIES LTD
RGI,ROTO-GRO INTERNATIONAL LIMITED
RXL,ROX RESOURCES LIMITED
RCO,ROYALCO RESOURCES LIMITED
RUL,RPMGLOBAL HOLDINGS LIMITED
RTG,RTG MINING INC.
RUB,RUBICOR GROUP LIMITED
RTR,RUMBLE RESOURCES LIMITED
RFF,RURAL FUNDS GROUP
RHL,RURALCO HOLDINGS LIMITED
RXP,RXP SERVICES LIMITED
RYD,RYDER CAPITAL LIMITED
S2R,S2 RESOURCES LTD
SBR,SABRE RESOURCES LIMITED
SGC,SACGASCO LIMITED
SRH,SAFEROADS HOLDINGS LIMITED
SAN,SAGALIO ENERGY LIMITED
SLM,SALMAT LIMITED
SO4,SALT LAKE POTASH LIMITED
SSN,SAMSON OIL & GAS LIMITED
SFR,SANDFIRE RESOURCES NL
SNC,SANDON CAPITAL INVESTMENTS LIMITED
SFM,SANTA FE MINERALS LTD
SMI,SANTANA MINERALS LIMITED
SFV,SANTOS FINANCE LIMITED
STO,SANTOS LIMITED
SAR,SARACEN MINERAL HOLDINGS LIMITED
STN,SATURN METALS LIMITED
SND,SAUNDERS INTERNATIONAL LIMITED
SYA,SAYONA MINING LIMITED
SCG,SCENTRE GROUP
SCW,SCENTRE GROUP TRUST 1
SCA,SCENTRE GROUP TRUST 1 AND SCENTRE GROUP TRUST 2
SFC,SCHAFFER CORPORATION LIMITED
SCL,SCHROLE GROUP LTD
SDV,SCIDEV LTD
SIE,SCIGEN LIMITED
SCO,SCOTTISH PACIFIC GROUP LIMITED
SCT,SCOUT SECURITY LIMITED
SDI,SDI LIMITED
SFG,SEAFARMS GROUP LIMITED
SLK,SEALINK TRAVEL GROUP LIMITED
SES,SECOS GROUP LTD
S2G,SECURE2GO GROUP LIMITED
SAC,SECURITISED AUSTRALIAN MORTGAGE TRUST 2011-1
SEK,SEEK LIMITED
SHV,SELECT HARVESTS LIMITED
SWF,SELFWEALTH LIMITED
SEN,SENETAS CORPORATION LIMITED
SXY,SENEX ENERGY LIMITED
SNS,SENSEN NETWORKS LIMITED
SE1,SENSERA LIMITED
SEQ,SEQUOIA FINANCIAL GROUP LTD
REQ,SERIES 2007-2 REDS TRUST
WSC,SERIES 2009-1 WST TRUST
REK,SERIES 2010-1 REDS TRUST
RDA,SERIES 2010-2 REDS TRUST
WSH,SERIES 2011-1 WST TRUST
WSJ,SERIES 2011-2 WST TRUST
WSN,SERIES 2011-3 WST TRUST
WSO,SERIES 2012-1 WST TRUST
RFB,SERIES 2012-1E REDS TRUST
HTB,SERIES 2013-1 HARVEY TRUST
WSQ,SERIES 2013-1 WST TRUST
WSD,SERIES 2013-2 WST TRUST
WSZ,SERIES 2014-1 WST TRUST
WEK,SERIES 2014-2 WST TRUST
WEJ,SERIES 2015-1 WST TRUST
RFC,SERIES 2017-1 REDS TRUST
S3R,SERPENTINE TECHNOLOGIES LIMITED
SRV,SERVCORP LIMITED
SSM,SERVICE STREAM LIMITED
SVT,SERVTECH GLOBAL HOLDINGS LTD
SVW,SEVEN GROUP HOLDINGS LIMITED
SWM,SEVEN WEST MEDIA LIMITED
SGF,SG FLEET GROUP LIMITED
SRO,SHAREROOT LTD
SSG,SHAVER SHOP GROUP LIMITED
SRR,SHAW RIVER MANGANESE LIMITED
SFX,SHEFFIELD RESOURCES LIMITED
SHU,SHENHUA INTERNATIONAL LIMITED
SHJ,SHINE CORPORATE LTD
SHZ,SHINHAN BANK.
SCP,SHOPPING CENTRES AUSTRALASIA PROPERTY GROUP
SHH,SHREE MINERALS LIMITED
SHM,SHRIRO HOLDINGS LIMITED
SBU,SIBURAN RESOURCES LIMITED
SDX,SIENNA CANCER DIAGNOSTICS LIMITED
SSL,SIETEL LIMITED
SIG,SIGMA HEALTHCARE LIMITED
SIH,SIHAYO GOLD LIMITED
SLX,SILEX SYSTEMS LIMITED
SIV,SILVER CHEF LIMITED
SCI,SILVER CITY MINERALS LIMITED
SVH,SILVER HERITAGE GROUP LIMITED
SLR,SILVER LAKE RESOURCES LIMITED
SVL,SILVER MINES LIMITED
SVA,SIMAVITA LIMITED
SIS,SIMBLE SOLUTIONS LIMITED
SIO,SIMONDS GROUP LIMITED
SGM,SIMS METAL MANAGEMENT LIMITED
SEH,SINO GAS & ENERGY HOLDINGS LIMITED
SNV,SINOVUS MINING LIMITED
SRI,SIPA RESOURCES LIMITED
SRX,SIRTEX MEDICAL LIMITED
SIT,SITE GROUP INTERNATIONAL LIMITED
SAM,SIV ASSET MANAGEMENT LIMITED
SI6,SIX SIGMA METALS LIMITED
SKN,SKIN ELEMENTS LIMITED
SAS,SKY AND SPACE GLOBAL LTD
SKT,SKY NETWORK TELEVISION LIMITED.
SKC,SKYCITY ENTERTAINMENT GROUP LIMITED
SKF,SKYFII LTD
SKP,SKYLAND PETROLEUM  GROUP LIMITED
SGH,SLATER & GORDON LIMITED
SAB,SMART ABS SERIES 2014-2E TRUST
SSE,SMART ABS SERIES 2014-4 TRUST
SMT,SMART ABS SERIES 2015-2 TRUST
SXB,SMART ABS SERIES 2015-4E TRUST
SS6,SMART ABS SERIES 2016-1 TRUST
SAZ,SMART ABS SERIES 2016-3 TRUST
SSF,SMART ABS SERIES 2017-1 TRUST
SS7,SMART ABS SERIES 2017-2 TRUST
SM8,SMART MARINE SYSTEMS LIMITED
SPZ,SMART PARKING LIMITED
SIQ,SMARTGROUP CORPORATION LTD
SMP,SMARTPAY HOLDINGS LIMITED
SMA,SMARTTRANS HOLDINGS LTD
SIL,SMILES INCLUSIVE LIMITED
SOM,SOMNOMED LIMITED
SHL,SONIC HEALTHCARE LIMITED
SMG,SOON MINING LIMITED
SAY,SOUTH AMERICAN IRON & STEEL CORPORATION LIMITED
SPB,SOUTH PACIFIC RESOURCES LIMITED
S32,SOUTH32 LIMITED
SXE,SOUTHERN CROSS ELECTRICAL ENGINEERING LTD
SXX,SOUTHERN CROSS EXPLORATION N.L.
SXL,SOUTHERN CROSS MEDIA GROUP LIMITED
SAU,SOUTHERN GOLD LIMITED
SUH,SOUTHERN HEMISPHERE MINING LIMITED
SVM,SOVEREIGN METALS LIMITED
SKI,SPARK INFRASTRUCTURE GROUP
SPK,SPARK NEW ZEALAND LIMITED
STW,SPDR S&P/ASX 200 FUND
SLF,SPDR S&P/ASX 200 LISTED PROPERTY FUND
SFY,SPDR S&P/ASX 50 FUND
SEI,SPECIALITY METALS INTERNATIONAL LIMITED
SFH,SPECIALTY FASHION GROUP LIMITED
SPX,SPECTRUM RARE EARTHS LIMITED
SP3,SPECTUR LIMITED
SDA,SPEEDCAST INTERNATIONAL LIMITED
SEC,SPHERIA EMERGING COMPANIES LIMITED
SRS,SPICERS LIMITED
ST1,SPIRIT TELECOM LIMITED
SPI,SPITFIRE MATERIALS LTD
SFI,SPOOKFISH LIMITED
SHO,SPORTSHERO LIMITED
SPO,SPOTLESS GROUP HOLDINGS LIMITED
SBX,SPREEDBOX HOLDINGS LIMITED
SFL,SPRING FG LIMITED
SIX,SPRINTEX LIMITED
SRG,SRG LIMITED.
SBM,ST BARBARA LIMITED
SGQ,ST GEORGE MINING LIMITED
SMR,STANMORE COAL LIMITED
S66,STAR COMBO PHARMA LIMITED
STL,STARGROUP LIMITED
SPL,STARPHARMA HOLDINGS LIMITED
GAS,STATE GAS LIMITED
SVY,STAVELY MINERALS LIMITED
SDF,STEADFAST GROUP LIMITED
SST,STEAMSHIPS TRADING COMPANY LIMITED
SRZ,STELLAR RESOURCES LIMITED
SCU,STEMCELL UNITED LIMITED
SBI,STERLING PLANTATIONS LIMITED
SFS,STIRFIRE LIMITED
SGP,STOCKLAND
SKS,STOKES LIMITED
SHK,STONE RESOURCES AUSTRALIA LIMITED
SWJ,STONEWALL RESOURCES LIMITED
SRY,STORY-I LIMITED
STA,STRANDLINE RESOURCES LIMITED
SXA,STRATA-X ENERGY LIMITED
SOR,STRATEGIC ELEMENTS LIMITED
SER,STRATEGIC ENERGY RESOURCES LIMITED
SMC,STRATEGIC MINERALS CORPORATION NL
SGO,STREAM GROUP LIMITED
STX,STRIKE ENERGY LIMITED
SRK,STRIKE RESOURCES LIMITED
SMN,STRUCTURAL MONITORING SYSTEMS PLC
SGU,SUCCESS GLOBAL MEDIA LIMITED
SUD,SUDA PHARMACEUTICALS LTD
SDC,SUGAR DRAGON LIMITED
SUM,SUMATRA COPPER & GOLD PLC
SNZ,SUMMERSET GROUP HOLDINGS LIMITED
SMM,SUMMIT RESOURCES LIMITED
SUR,SUN RESOURCES NL
SBB,SUNBRIDGE GROUP LIMITED
SUN,SUNCORP GROUP LIMITED
SBK,SUNCORP-METWAY LIMITED .
SEA,SUNDANCE ENERGY AUSTRALIA LIMITED
SDL,SUNDANCE RESOURCES LIMITED
SDG,SUNLAND GROUP LIMITED
STM,SUNSTONE METALS LTD
SVS,SUNVEST CORPORATION LIMITED
SUL,SUPER RETAIL GROUP LIMITED
SUP,SUPERIOR LAKE RESOURCES LIMITED
SPQ,SUPERIOR RESOURCES LIMITED
SLC,SUPERLOOP LIMITED
SNL,SUPPLY NETWORK LIMITED
SRN,SUREFIRE RESOURCES NL
SRF,SURFSTITCH GROUP LIMITED
SWK,SWICK MINING SERVICES LTD
SW1,SWIFT NETWORKS GROUP LIMITED
SYD,SYDNEY AIRPORT
SL1,SYMBOL MINING LIMITED
SMD,SYNDICATED METALS LIMITED
SOP,SYNERTEC CORPORATION LIMITED
SYS,SYNGAS LIMITED
SM1,SYNLAIT MILK LIMITED
SYT,SYNTONIC LIMITED
SYR,SYRAH RESOURCES LIMITED
TAH,TABCORP HOLDINGS LIMITED
TAG,TAG PACIFIC LIMITED
TLG,TALGA RESOURCES LTD
TLM,TALISMAN MINING LIMITED
TPD,TALON PETROLEUM LIMITED
TMK,TAMASKA OIL AND GAS LTD
TWD,TAMAWOOD LIMITED
TAM,TANAMI GOLD NL
TNO,TANDO RESOURCES LIMITED
TRL,TANGA RESOURCES LIMITED
TAO,TAO COMMODITIES LTD
TAP,TAP OIL LIMITED
TEX,TARGET ENERGY LIMITED
TAR,TARUGA GOLD LIMITED
TFL,TASFOODS LIMITED
TAS,TASMAN RESOURCES LTD
TGR,TASSAL GROUP LIMITED
TTS,TATTS GROUP LIMITED
TAW,TAWANA RESOURCES NL
TDL,TBG DIAGNOSTICS LIMITED
TMP,TECH MPIRE LIMITED
TCN,TECHNICHE LIMITED.
TMT,TECHNOLOGY METALS AUSTRALIA LIMITED
TNE,TECHNOLOGY ONE LIMITED
TGH,TEGEL GROUP HOLDINGS LIMITED
TLX,TELIX PHARMACEUTICALS LIMITED
TLS,TELSTRA CORPORATION LIMITED.
TPW,TEMPLE & WEBSTER GROUP LTD
TGG,TEMPLETON GLOBAL GROWTH FUND LIMITED
TPP,TEMPO AUSTRALIA LTD
TER,TERRACOM LIMITED
TMX,TERRAIN MINERALS LIMITED
TZN,TERRAMIN AUSTRALIA LIMITED.
TNT,TESSERENT LIMITED
TES,TEST SECURITY
A2M,THE A2 MILK COMPANY LIMITED
AU1,THE AGENCY GROUP AUSTRALIA LTD
CGL,THE CITADEL GROUP LIMITED
DXN,THE DATA EXCHANGE NETWORK LIMITED
FOD,THE FOOD REVOLUTION GROUP LIMITED
GO2,THE GO2 PEOPLE LTD
GGL,THE GRUDEN GROUP LTD
THC,THE HYDROPONICS COMPANY LIMITED
PGR,THE PAS GROUP LIMITED
TRS,THE REJECT SHOP LIMITED
SGR,THE STAR ENTERTAINMENT GROUP LIMITED
TNK,THINK CHILDCARE LIMITED
3PT,THIRD PARTY TECHNOLOGIES INC.
TMZ,THOMSON RESOURCES LIMITED
THR,THOR MINING PLC
TGA,THORN GROUP LIMITED
TOP,THORNEY OPPORTUNITIES LTD
TEK,THORNEY TECHNOLOGIES LTD
TPS,THREAT PROTECT AUSTRALIA LIMITED
THD,THRED LIMITED
THX,THUNDELARRA LIMITED
TIA,TIAN AN AUSTRALIA LIMITED
TPO,TIAN POH RESOURCES LIMITED
TB8,TIANMEI BEVERAGE GROUP CORPORATION LIMITED
TIE,TIETTO MINERALS LIMITED
TGS,TIGER RESOURCES LIMITED
TIG,TIGERS REALM COAL LIMITED
TKF,TIKFORCE LIMITED
TLT,TILT RENEWABLES LIMITED.
TML,TIMAH RESOURCES LIMITED
TNY,TINYBEANS GROUP LTD
TTM,TITAN MINERALS LIMITED
TSL,TITANIUM SANDS LIMITED
TTT,TITOMIC LIMITED
TOU,TLOU ENERGY LIMITED
TNG,TNG LIMITED
TIN,TNT MINES LIMITED
TRT,TODD RIVER RESOURCES LIMITED
TOM,TOMIZONE LIMITED
TBH,TOPBETTA HOLDINGS LIMITED
TTW,TOPTUNG LTD
TNR,TORIAN RESOURCES LIMITED
TOE,TORO ENERGY LIMITED
TRB,TORRENS 2009-3 TRUST
TRP,TORRENS SERIES 2010-1 TRUST
TRK,TORRENS SERIES 2010-2 TRUST
TOA,TORRENS SERIES 2010-3 TRUST
TNB,TORRENS SERIES 2013-1 TRUST
TNF,TORRENS SERIES 2013-2 TRUST
TNH,TORRENS SERIES 2014-1 TRUST
TOZ,TORRENS SERIES 2014-2 TRUST
TNJ,TORRENS SERIES 2015-1 TRUST
TTZ,TORRENS SERIES 2016-1 TRUST
TFG,TOTAL FACE GROUP LIMITED
TWR,TOWER LIMITED
TOX,TOX FREE SOLUTIONS LIMITED
TPC,TPC CONSOLIDATED LIMITED
TPM,TPG TELECOM LIMITED
TPE,TPI ENTERPRISES LIMITED
TME,TRADE ME GROUP LIMITED
TTC,TRADITIONAL THERAPY CLINICS LIMITED
TTI,TRAFFIC TECHNOLOGIES LTD.
TKL,TRAKA RESOURCES LIMITED
TSN,TRANSACTION SOLUTIONS INTERNATIONAL LIMITED
TTL,TRANSCENDENCE TECHNOLOGIES LIMITED
TCO,TRANSMETRO CORPORATION LIMITED
TCL,TRANSURBAN GROUP
XVG,TREASURY CORPORATION OF VICTORIA
TWE,TREASURY WINE ESTATES LIMITED
TKM,TREK METALS LIMITED
TEG,TRIANGLE ENERGY (GLOBAL) LIMITED
TBR,TRIBUNE RESOURCES LIMITED
TIL,TRILOGY INTERNATIONAL LIMITED
TGO,TRIMANTIUM GROWTHOPS LIMITED
TNP,TRIPLE ENERGY LIMITED
TON,TRITON MINERALS LTD
TT7,TRITON TRUST NO.7 IN RESPECT OF THE BOND SERIES 2017-2
TRY,TROY RESOURCES LIMITED
TRM,TRUSCOTT MINING CORPORATION LIMITED
TAU,TRUSTEES AUSTRALIA LIMITED
TTA,TTA HOLDINGS LIMITED
TUP,TTG FINTECH LIMITED
TGN,TUNGSTEN MINING NL
TRA,TURNERS AUTOMOTIVE GROUP LIMITED
TV2,TV2U INTERNATIONAL LIMITED
TYK,TYCHEAN RESOURCES LTD
TYX,TYRANNA RESOURCES LIMITED
TZL,TZ LIMITED
UCW,UCW LIMITED
UIL,UIL ENERGY LTD
UUL,ULTIMA UNITED LIMITED
UTR,ULTRACHARGE LIMITED
UNL,UNITED NETWORKS LIMITED
UOS,UNITED OVERSEAS AUSTRALIA LIMITED
UBL,UNIVERSAL BIOSECURITY LIMITED
UBI,UNIVERSAL BIOSENSORS INC.
UNV,UNIVERSAL COAL PLC
UPD,UPDATER INC
USA,URANIUMSA LIMITED
URB,URB INVESTMENTS LIMITED
UBN,URBANISE.COM LIMITED
URF,US MASTERS RESIDENTIAL PROPERTY FUND
USR,US RESIDENTIAL FUND
UCM,USCOM LIMITED
UUV,UUV AQUABOTIX LTD
VMX,VALMEC LIMITED
VAL,VALOR RESOURCES LIMITED
VAN,VANGO MINING LIMITED
VAR,VARISCAN MINES LIMITED
VLT,VAULT INTELLIGENCE LIMITED
VMG,VDM GROUP LIMITED
VEL,VEALLS LIMITED
VEC,VECTOR RESOURCES LIMITED
VBS,VECTUS BIOSYSTEMS LIMITED
VEE,VEEM LTD
VP7,VELOCITY PROPERTY GROUP LIMITED
VPC,VELPIC LIMITED
VRX,VENTNOR RESOURCES LTD
VMS,VENTURE MINERALS LIMITED
VXR,VENTUREX RESOURCES LIMITED
VMC,VENUS METALS CORPORATION LIMITED
VRM,VERDANT MINERALS LTD
VRI,VERILUMA LIMITED
VRS,VERIS LIMITED
VG1,VGI PARTNERS GLOBAL INVESTMENTS LIMITED
VIA,VIAGOLD CAPITAL LIMITED
VCX,VICINITY CENTRES
VCD,VICINITY CENTRES TRUST
VIG,VICTOR GROUP HOLDINGS LIMITED
VIC,VICTORY MINES LIMITED
VIE,VIENTO GROUP LIMITED
VII,VIETNAM INDUSTRIAL INVESTMENTS LIMITED
VKA,VIKING MINES LIMITED
VLW,VILLA WORLD LIMITED.
VRL,VILLAGE ROADSHOW LIMITED
VMY,VIMY RESOURCES LIMITED
VLA,VIRALYTICS LIMITED
VAH,VIRGIN AUSTRALIA HOLDINGS LIMITED
VRT,VIRTUS HEALTH LIMITED
VTI,"VISIONEERING TECHNOLOGIES, INC."
VGL,VISTA GROUP INTERNATIONAL LIMITED.
VTG,VITA GROUP LIMITED
VLS,VITA LIFE SCIENCES LIMITED..
VML,VITAL METALS LIMITED
VVR,VIVA ENERGY REIT
VIV,VIVID TECHNOLOGY LIMITED
VMT,VMOTO LIMITED
VOC,VOCUS GROUP LIMITED
VPG,VODAFONE GROUP PLC.
VHT,VOLPARA HEALTH TECHNOLOGIES LIMITED
VPR,VOLT POWER GROUP LIMITED
VRC,VOLT RESOURCES LIMITED
VIP,VOLTAGE IP LIMITED
VYS,VYSARN LIMITED
WGN,WAGNERS HOLDING COMPANY LIMITED
WKT,WALKABOUT RESOURCES LTD
WAA,WAM ACTIVE LIMITED
WAM,WAM CAPITAL LIMITED
WLE,WAM LEADERS LIMITED
WMI,WAM MICROCAP LIMITED
WAX,WAM RESEARCH LIMITED
WGL,WANGLE TECHNOLOGIES LIMITED
SOL,WASHINGTON H SOUL PATTINSON & COMPANY LIMITED
WRG,WATER RESOURCES GROUP LIMITED
WAT,WATERCO LIMITED
WGF,WATERMARK GLOBAL LEADERS FUND LIMITED
WMK,WATERMARK MARKET NEUTRAL FUND LIMITED
WTP,WATPAC LIMITED
WHA,WATTLE HEALTH AUSTRALIA LIMITED
WAL,WAVENET INTERNATIONAL LIMITED
WEH,WEA FINANCE LLC
WEF,WEA FINANCE LLC AND WESTFIELD UK & EUROPE FINANCE PLC
WDE,WEALTH DEFENDER EQUITIES LIMITED
WEB,WEBJET LIMITED
WBA,WEBSTER LIMITED
WBT,WEEBIT NANO LTD
WLD,WELLARD LIMITED
WLL,WELLCOM GROUP LIMITED
WES,WESFARMERS LIMITED
WAF,WEST AFRICAN RESOURCES LIMITED
WWI,WEST WITS MINING LIMITED
WSA,WESTERN AREAS LIMITED
WFD,WESTFIELD CORPORATION
WGX,WESTGOLD RESOURCES LIMITED.
WIC,WESTOZ INVESTMENT COMPANY LIMITED
WBC,WESTPAC BANKING CORPORATION
WSI,WESTSTAR INDUSTRIAL LIMITED
WFB,WFD TRUST
WCN,WHITE CLIFF MINERALS LIMITED
WEC,WHITE ENERGY COMPANY LIMITED
WRM,WHITE ROCK MINERALS LIMITED
WBE,WHITEBARK ENERGY LTD
WHF,WHITEFIELD LIMITED
WHC,WHITEHAVEN COAL LIMITED
WHK,WHITEHAWK LIMITED
WEL,WINCHESTER ENERGY LTD
WND,WINDLAB LIMITED
WNR,WINGARA AG LTD
WQW,WINHA COMMERCE AND TRADE INTL LIMITED
WFE,WINMAR RESOURCES LIMITED
WTC,WISETECH GLOBAL LIMITED
WZR,WISR LIMITED
WLF,WOLF MINERALS LIMITED
WOF,WOLF PETROLEUM LTD
WLC,WOLLONGONG COAL LIMITED
WMC,WONHE MULTIMEDIA COMMERCE LTD
WPL,WOODSIDE PETROLEUM LIMITED
WOW,WOOLWORTHS GROUP LIMITED
WML,WOOMERA MINING LIMITED
WRR,WORLD REACH LIMITED
WNS,WORLD.NET SERVICES LIMITED
WOR,WORLEYPARSONS LIMITED
WPG,WPG RESOURCES LTD
WPP,WPP AUNZ LTD
XAM,XANADU MINES LTD
XIP,XENITH IP GROUP LIMITED
XRO,XERO LIMITED
XPD,XPD SOCCER GEAR GROUP LIMITED
XPE,XPED LIMITED
XF1,XREF LIMITED
XRF,XRF SCIENTIFIC LIMITED
XST,XSTATE RESOURCES LIMITED
XTD,XTD LTD
XTE,XTEK LIMITED.
XTV,XTV NETWORKS LTD
YAL,YANCOAL AUSTRALIA LIMITED
YBR,YELLOW BRICK ROAD HOLDINGS LIMITED
YOJ,YOJEE LIMITED
YOW,YOWIE GROUP LTD
YPB,YPB GROUP LTD
ZEL,Z ENERGY LIMITED.
ZGZ,ZAIGE WASTE MANAGEMENT HOLDING GROUP (AUS) LTD
ZAM,ZAMANCO MINERALS LIMITED
ZGM,ZAMIA METALS LIMITED
ZLD,ZELDA THERAPEUTICS LIMITED
ZNT,ZENITAS HEALTHCARE LIMITED
ZEN,ZENITH ENERGY LIMITED
ZNC,ZENITH MINERALS LIMITED
ZTA,ZETA PETROLEUM PLC
ZER,ZETA RESOURCES LIMITED
ZEU,ZEUS RESOURCES LIMITED
ZGL,ZICOM GROUP LIMITED
ZIM,ZIMPLATS HOLDINGS LIMITED
ZMI,ZINC OF IRELAND NL
Z1P,ZIP CO LIMITED.
ZIP,ZIPTEL LIMITED
ZNO,ZOONO GROUP LIMITED
ZYB,ZYBER HOLDINGS LTD
